CUSTOMERID,CustomerName,CompanyName,SALESMANID
1,Gusella Goublier,Fivechat,2
2,Dill Lambden,Thoughtsphere,4
3,Cristi McKinn,Zooveo,6
4,Nerita Haspineall,Thoughtbridge,8
5,Gaspar Norssister,Skalith,10
6,Stirling Doone,Pixonyx,12
7,Sallyanne Daal,Skimia,14
8,Karilynn Fetherston,Mita,16
9,Amargo Reade,Camimbo,18
10,Roxy Rosenqvist,Photobug,20
11,Sheff Goulbourne,Mydeo,22
12,Teddy Wintersgill,Zooveo,24
13,Forbes Darcy,Linkbridge,26
14,Val Medgewick,Blogtag,28
15,Ainsley Davidovici,Pixope,30
16,Yurik Olifard,Edgeblab,32
17,Anneliese Ros,Dabvine,34
18,Townie Tunney,Minyx,36
19,Cass Fores,Blogtag,38
20,Sonia Copson,Avavee,40
21,Dino Tattersfield,Bubblemix,42
22,Elwood Grahl,Brainsphere,44
23,Ber Ruvel,Edgepulse,46
24,Adan Firmager,Wikibox,48
25,Erika Mansion,Avamba,50
26,Margi Westmacott,Topicshots,52
27,Thatcher Coatham,Ooba,54
28,Frants Huygens,Jaxbean,56
29,Chaunce Ebbotts,Quimba,58
30,Bevvy Beneteau,Photobean,60
31,Durward Thickpenny,Gabcube,62
32,Fifi Petrak,Yambee,64
33,Tanny Wedmore,Twiyo,66
34,Carlin Tickner,Yodel,68
35,Georgie McGinly,Jetwire,70
36,Jereme McDonagh,Skinder,72
37,Rudolph O'Cahey,Pixoboo,74
38,Franciskus Stern,Avamba,76
39,Erroll Fiddiman,Gabspot,78
40,Rabi Avory,Podcat,80
41,Cornell Meekins,Chatterbridge,82
42,Kristo Zambon,Gevee,84
43,Leeann Hansel,Meeveo,86
44,Bobbee Lalonde,Zoomzone,88
45,Rochette Leacock,Trupe,90
46,Gilly Reyner,Edgetag,92
47,Wainwright Haughey,Divavu,94
48,Nana Daniele,Realcube,96
49,Patti Perotti,Twitterbeat,98
50,Elga Richardes,Eimbee,100