BugID,deadline,report_time,description,T_ID
1,2018-05-26,2017-05-01,the different font size for monospace characters (the read window and beyond the edit window),164
2,2018-10-27,2017-05-31,Mixed chinese and western characters give bad line spacing,895
3,2019-12-20,2017-09-10,Tiled background on clipped layer appears incorrectely since Mozilla 1.4,540
4,2018-08-25,2017-10-03,"""onresize"" inline HTML event doesn't function on FRAME",531
5,2019-08-03,2018-01-23,Disk cache size set in preferences is ignored,437
6,2019-09-09,2018-06-04,Keypress not recognised as user event for popup blocker,49
7,2019-06-13,2018-03-11,30% of time in raytracing testcase taken by canvas code,628
8,2018-02-09,2017-08-09,refresh reloads *everything* even items which have an expiry date in the future,403
9,2019-12-06,2018-09-26,"When opening a page with username/password in URL, get password prompt for every image on the page",281
10,2018-03-03,2017-04-07,Canvas disappears after hiding if size style not set.,658
11,2018-04-20,2017-10-24,cookies arn't remebering auto login,933
12,2018-12-16,2017-06-09,Textarea submitting incorrect string under wrap=hard,805
13,2019-11-04,2018-05-15,"Proxy authentication is required on Squid + NTLM on Linux/Mac, but not on Windows",111
14,2019-07-28,2018-12-07,Request an Option to Make the Default Response to the 'Unresponsive Script' Dialog 'Continue' Instead of 'Stop Script',737
15,2019-08-25,2019-02-21,Cookie path problem when using domain suffix to connect,707
16,2017-11-23,2017-05-12,Viewing Blank Page Resets Encoding to UTF-8 Despite Default Settings in Prefs,108
17,2017-05-25,2017-05-16,Cookie expiration not obeyed for sites accessed by IPv6 address,954
18,2019-02-20,2018-10-02,provide more insight if smart-card login fails,641
19,2019-11-07,2019-02-22,in-progress uncacheable object is cached anyway and blocks other threads,813
20,2018-06-16,2018-02-09,Unresponsive script isn't triggered for document.write loop,223
21,2018-05-20,2017-09-18,"Firefox can't resolve that page, even when networking.enableIDN is set to false",131
22,2018-02-09,2017-09-27,"<canvas> canvas animation is jerky on Firefox 3 beta 1, Linux x86_64",807
23,2018-07-07,2018-03-28,XMLHttprequest loses authentication credentials on calls to different urls,955
24,2019-06-03,2018-11-17,"Firefox with a ""201 created"" response should perform a redirect to the Location field",638
25,2019-03-20,2017-06-08,Inconsistent path matching for cookie path prefixes,120
26,2018-09-29,2018-04-22,Firefox sends Copy command (Cmd-C) to a plugin on Key Up,785
27,2019-08-26,2018-06-25,Flash plugin error: Flash website does not open if it has national domain,801
28,2019-09-30,2018-05-12,[Mac] Ctrl+y will not paste/yank text killed by ctrl+k (cocoa emacs keybinding),625
29,2018-12-16,2018-07-07,DNS suffixes not parsed when Firefox used on company LAN,823
30,2018-12-23,2018-12-08,Acid 2 broken with Pineocast SwirlX3D X3D/VRML plugin,261
31,2019-08-17,2018-07-28,proxy connection to NXDOMAIN using https gives Data Transfer Interrupted,724
32,2018-08-26,2017-06-25,Fails to get baseURI in plugin's ->newp,794
33,2018-06-20,2017-12-02,Certificate backups use RC2/40 encryption,589
34,2019-03-12,2018-03-08,"When reloading after a 303 redirect, Firefox makes another POST request",79
35,2019-02-09,2018-07-23,network.http.phishy-userpass-length feature claims password-protected site does not require password,536
36,2019-04-13,2017-04-05,"Deleting a server certificate exception should confirm the server name, not the certificate name",544
37,2019-10-29,2018-03-22,Incorrect cookie path for sites when using redirect (html) to come to it,672
38,2018-07-01,2018-06-16,redirect to location w/ utf-8 characters breaks URL/correct loading of the page,607
39,2018-10-29,2017-02-16,Prompt for SSL client certificates appears at erratic times,51
40,2018-11-03,2017-06-29,"port 443 without url scheme should default to https, not http",907
41,2018-07-28,2018-04-25,DNS resolution fails when using a socksified Firefox,932
42,2019-06-27,2019-05-27,Ctrl-Shift-Right arrow selection at the end of a line scrolls all the way to the left,113
43,2019-12-20,2017-09-03,DNS prefetch peppers DNS server with queries for the same FQDN,664
44,2018-12-15,2018-03-29,provide better error message when client cert authentication fails,554
45,2019-07-22,2018-04-02,firefox sends wrong http basic auth credentials,506
46,2019-12-26,2018-02-20,execCommand(bold | italic | underline | fontname | forecolor | hilitecolor) applies the specified formatting on the BR tags too when styleWithCss is true.,651
47,2017-07-15,2017-07-02,invalid execCommand ( forecolor | fontname | fontsize ) results: doesn't join adjacent similar FONT tags (styleWithCss is false),541
48,2019-08-22,2017-11-10,PDF Form POST from within Object tag sends two REFERER headers,357
49,2018-04-14,2017-01-07,Firefox hangs during first presentation of hardware client cert,910
50,2019-02-06,2018-04-23,Cookie policy not remembered under some condition,971
51,2018-02-09,2017-05-03,Should receive MouseLeave event when mouse moves from plug onto HTML,299
52,2018-07-22,2018-04-01,prefetched content with cache-control/gzip causes browser encoding error,122
53,2019-12-12,2019-07-19,Bad DNS resolving using NTLM auth,456
54,2018-09-28,2018-05-03,AD/NTLM Authentication not working,939
55,2019-08-30,2018-11-09,Using network.proxy.socks_remote_dns=true breaks browser.fixup.alternate,6
56,2019-05-14,2018-01-12,HTTP doesn't remember IPv6 scope for further redirections,466
57,2018-10-02,2017-12-15,Content-encoding error when temp drive is full,856
58,2019-11-29,2017-04-28,window.open wrong size every time if I set width = 380 height = 200,614
59,2017-10-14,2017-07-27,use the failed cert chain as sent by the server in the cert viewer details pane rather than getChain(),643
60,2017-06-24,2017-02-03,convert url encoded punycode / IDN links before DNS requests for URLs to open,93
61,2018-05-29,2017-01-19,IndexedDB needs an admin interface,389
62,2018-01-07,2017-02-10,selections in unfocused text fields are not visible,694
63,2019-07-31,2018-08-01,Authentication window pop up using XMLHttpRequest,483
64,2018-01-28,2018-01-23,duplicated request on special char appearance with charset detector set to universal,208
65,2019-12-09,2019-03-24,GWT X-GWT-Permutation HTTP header not always included in POST to server,254
66,2018-08-19,2018-06-06,In Dual screen setup window contents might get cut and size might change,426
67,2018-07-25,2018-02-25,Cookie handling in IFrames,468
68,2019-01-18,2017-07-18,event.keyCode returns wrong code on United Kingdom keyboard,569
69,2019-09-06,2019-06-07,IPv6 sites fails to load if IPv6 is not available.,502
70,2018-06-21,2018-04-16,No image/* mime data when dragging an image on Linux (X11),785
71,2019-10-03,2017-06-11,Backing doesn't handle Vary header correctly,391
72,2017-10-15,2017-07-04,Websocket: message not processed on close,649
73,2019-06-13,2017-01-19,linux input method over spot style not report the caret position correctly,583
74,2018-01-02,2017-05-10,Keyboard Lock,678
75,2018-05-27,2017-09-14,DNS cache needs to be cleared after captive portal is detected,975
76,2019-10-06,2018-11-01,Firefox may show blank for video and requires extra refresh with clearing cache,556
77,2019-11-03,2017-05-03,HTTP basic auth: wrong credentials sent when navigating between sibling URLs using different realms,782
78,2019-06-21,2018-12-07,"Ctrl+F5 ""Force Reload"" doesn't reload plugin",540
79,2019-04-05,2017-10-19,Firefox-8 build fails with error : firefox-8/mozilla-release/js/src/jshashtable.h:846: error: size of array 'arg' is negative,867
80,2019-04-05,2019-03-04,Firefox will not print in landscape orientation (regression?),284
81,2018-03-11,2017-03-20,Firefox can't find register protocol handler apps on mac os x,22
82,2018-10-30,2017-08-20,"Refreshing page which sends POST or GET data leaves ""Waiting for..."" and a throbber working sometimes (unclosed connection?).",119
83,2019-04-09,2018-03-01,jQuery and Headers with Content-Range Handling,793
84,2019-08-16,2017-10-17,Caching persistence of expiry time,884
85,2017-08-06,2017-03-16,Certificate selection modal dialog appears on wrong window,974
86,2019-12-31,2018-06-28,Yet another proxy authentication popup issue (NTLM),4
87,2018-04-18,2017-10-31,Firefox is breaking NTLM auth in Mcafee Web Gateway,935
88,2019-01-17,2018-12-15,Window state not restored on browser exit and restart,315
89,2019-08-04,2017-11-17,"Firefox NTLM bug with sending data by POST, content-length >=65535",118
90,2019-05-06,2017-07-13,Posting a file through XMLHttpRequest when using negotiate auth stops at the 401 without authenticating and re-posting,902
91,2018-04-10,2017-03-24,"Bank of America site -- after deleting cookies, can't sign in",9
92,2019-07-26,2017-09-12,HTML content copying twice.,372
93,2019-08-10,2017-01-23,Firefox runs slow when executes multiple ajax requests in https mode,930
94,2018-10-26,2017-09-28,"When network.http.max-connections has its default value, hitting many complex pages in quick succession puts Firefox in a state where it can't load further pages for a while",213
95,2019-06-19,2019-04-30,"Table cell borders missing: should reprocess borders collapsed by ""border-collapse: collapse"" if some rows are hidden with ""display:none""",620
96,2019-12-11,2019-01-18,"""browse .."" button localization. The ""Browse..."" text is not localized per browser locale when using <input type = ""file"">",724
97,2017-07-13,2017-06-19,"When downloading the proxy.pac file, firefox does not send the Cookie: HTTP header to the server",569
98,2019-09-01,2017-11-13,Firefox first page load adds proxy Redirect to Navigation Timing,758
99,2019-01-27,2017-03-28,Right ALT key mapped through .Xmodmap does not work in Firefox,166
100,2019-11-08,2019-07-04,Unable to reconnect after ssh tunnel crashed. SOCKS,246
101,2019-10-14,2019-08-01,socks_remote_dns=true leaks DNS (in some conditions),988
102,2018-07-13,2017-02-13,Firefox can't establish a connection to socket.io,781
103,2018-07-14,2017-07-25,"""302 Moved Temporarily"" loop with server (cookie management)",953
104,2019-12-12,2018-10-19,Image loading errors,494
105,2019-11-29,2018-05-11,"transform-origin-x, transform-origin-y",970
106,2018-02-08,2017-09-05,FF automatically redirects from pages where used to (but no longer is) a redirect - cached redirect,514
107,2019-01-06,2018-05-04,CSS3 repeating-linear-gradient difference in visual appearance colors,524
108,2019-08-08,2019-04-13,DNS cache is not cleared while switching to SOCKS proxy,145
109,2018-10-08,2018-08-08,border-radius sub-pixel rendering issue,804
110,2019-12-03,2018-10-24,Cookie that set to expire in 1 year is deleted after 1 day,560
111,2019-10-18,2018-10-04,onkeydown not matched by onkeyup when AltGr is pressed on Windows,28
112,2019-06-17,2017-06-06,plugin-container file handle leaks on some sites using Flash,291
113,2018-05-31,2017-03-13,"The dialog ""...new location..."" is too annoying and is misleading about the page it comes from",136
114,2018-04-14,2017-05-20,Icons should be full sized or clear around the small icon,396
115,2019-06-22,2017-07-24,<audio> plays short sound scratchy in new versions,659
116,2019-04-02,2018-03-28,Percent in URI not encoded,791
117,2018-12-29,2017-08-05,Provide preference to set deltaMode value of DOM WheelEvent,73
118,2019-04-21,2018-01-11,"possible memory leak in transparent plugins and just background-color, using ipc",868
119,2019-10-08,2018-01-01,Browser considerable slowdown after reaching cache limit.,198
120,2019-08-27,2017-07-08,"SOCKS requests not retried with available ipv4 addresses if SOCKS gateway returns ""address family not supported""",920
121,2017-08-18,2017-03-03,nsIdleService reports active topic even when there is no activity,563
122,2018-09-25,2017-06-23,HTTPS proxy setting change doesn't take effect until restart,149
123,2019-02-10,2018-08-27,Auto refresh from payment gateway not working,393
124,2019-01-13,2017-08-26,Disk Cache set for over 4096 MB and that goes over 4096 MB is misreported,342
125,2018-10-21,2017-06-01,RFC 2616 8.2.2 being ignored during 413 Request Entity Too Large,3
126,2018-12-11,2017-02-10,Proxy Auto Config issue calling ip (myipaddress) of VPN Network Adapter,348
127,2018-07-24,2018-03-31,"Always have to switch proxy settings from ""Manual Proxy config"" to ""Auto detect proxy"" to browse corporate urls and vice versa to browse internet.",932
128,2018-09-07,2017-02-12,Ghost images when dragging should always be at full opacity,867
129,2019-08-13,2019-08-10,22.0a1 (2013-03-12) Page loads fail for existing open tabs after restart. (proxy?),257
130,2019-08-02,2017-03-12,Infinite loop/flood of NTLMSSP_NEGOTIATE requests and 401s after NTLM auth dialog cancel,196
131,2019-06-13,2018-05-31,/16 mask in no proxy setting not working,540
132,2017-11-11,2017-06-28,Double authentification with different users failed (401),718
133,2019-12-18,2018-07-13,Request password of proxy when entering Private Mode,24
134,2018-03-24,2017-03-14,Have event target chain accessible from the event object?,201
135,2018-09-08,2017-01-02,Native controls can become unusable when using a dark theme.,874
136,2019-11-25,2019-10-01,"Mac OS X, vpn proxy setting does not affect firefox use system settings",743
137,2018-05-17,2017-04-25,WebSocket client does not close TCP connection after incorrect handshake response from server,569
138,2019-01-08,2017-05-29,Firefox cannot connect after reverting to no proxy,317
139,2019-05-25,2018-02-27,Whe a secondary page is loaded in an iframe with additional flash objects then all flash objects stop working.,416
140,2019-09-03,2019-01-01,Blocked SmartCard Pop-up,236
141,2017-05-15,2017-01-12,Circumventing caching of platform instantiations of webfonts doesn't work for fonts used in frames,321
142,2018-02-03,2017-06-26,Kerberos SPNEGO doesn't work on Windows with 2 levels of CNAME,642
143,2019-02-08,2018-10-16,Document Expired page allows view source,442
144,2019-05-19,2017-10-04,Proxy authentication credentials forgotten in timeout,167
145,2018-05-25,2018-02-20,Fallback from automatic NTLM auth fails,739
146,2019-08-16,2019-01-21,DNS leak with local proxy on FTP requests,14
147,2019-10-21,2019-08-13,Keep cookies until i close firefox doesn't work,970
148,2019-09-15,2018-01-25,Firefox is not able to connect to a SOCKS-Proxy with IPv6 in square brackets,821
149,2018-06-03,2017-09-26,IPv6 retry socket connection on protocol error,582
150,2018-11-17,2018-07-13,Strange comportement with Kerberos,5
151,2018-08-26,2017-01-03,Faulty Behaviour when sending POST Requests with Kerberos Authentication,887
152,2017-07-18,2017-06-12,Certificate manager unable to delete user certificate on smart card,469
153,2019-09-29,2017-09-16,Unplug ethernet then plug it back in makes me have to restart firefox to get connectivity,87
154,2017-08-18,2017-01-18,Firebug reports blocking before the document is downloaded,591
155,2019-06-01,2019-03-03,"""Metadata"" state for preload attribute of <video> element being ignored when buffering",368
156,2018-09-10,2017-11-28,onDataAvailable for UDP in Components.interfaces.nsISocketTransportService concatenates Datagrams,488
157,2019-12-22,2019-12-05,CSS property text-decoration set on parent breaks hover effect on descendant,995
158,2018-09-27,2017-02-12,SPNEGO / MS KRB5 no longer working on OS X [still works on Windows],226
159,2018-05-29,2018-03-19,The function writeBytes (nsIBinaryOutputStream) does not write the bytes if is called very quickly.,468
160,2019-03-02,2017-09-12,User is not able to click on any link shown in the right click options.,112
161,2019-08-09,2017-04-08,Lower than expected IPv6 score on speedtest.comcast.net,506
162,2017-12-13,2017-10-31,WebGL llvmpipe segfault on www.shadertoy.com,430
163,2019-05-24,2017-05-12,Firefox onDrag Event is missing correct position values,746
164,2019-09-21,2019-03-12,requests abort on 304 when using SSL,981
165,2019-06-24,2019-04-23,HTTP 302 Redirects not working with SPDY and push enabled if Basic Auth was triggered,7
166,2019-04-12,2017-06-04,Pac file function myIpAddress() returns :: if IPv6 is enabled in Windows XP,939
167,2019-04-05,2018-03-24,Should remote -> localhost CORS access be allowed?,302
168,2019-11-17,2017-10-02,Image Cache Problems,147
169,2019-02-15,2017-09-29,MacOS X: Can not connect to IPv4-only sites from IPv6-only node via SOCKS proxy,740
170,2018-02-12,2017-12-17,Screen is frozen although engine is still loading pages.,857
171,2019-05-20,2019-05-06,gl.texImage2D and gl.texSubImage2D not taking fast upload path when dstStride != srcStride.,249
172,2019-05-06,2017-07-23,StartSSL certificate has weird name le-8bbf0da1-ccce-44d9-.......,132
173,2018-10-19,2018-01-31,Upload faild with FireFox ESR 24.5,447
174,2019-09-05,2018-09-14,"Firefox stops HTTP Digest Authentication, after authentication realm has changed and another login is attempted, using URL to provide credentials (http://user:pass@host)",537
175,2019-10-22,2018-12-10,Trailing dot in SNI HostName must be stripped according to RFC 3546,429
176,2019-03-10,2017-04-13,Firefox crash when inserting huge strings into a text field [@ js::jit::CompactBufferReader::readByte],973
177,2017-10-16,2017-09-28,[@font-face] Font files *sometimes* improperly loaded,350
178,2019-12-30,2017-03-04,<audio>can't play a mp3,484
179,2019-12-13,2018-12-25,"Select element with title attribute, drop down list always shows that title value",349
180,2018-05-24,2017-01-29,Setting a cookie in body of document isn't available for reading in loaded js,493
181,2019-09-07,2019-01-03,"Using socks proxy though SSH tunnel causes tunnel to disconnect with ""Received data for nonexistent channel""",12
182,2018-07-17,2017-02-04,Firefox not properly responding to the closure of the server connection per RFC (408 response),918
183,2018-12-09,2018-01-14,No prompt username and password dialog box proxy startup,354
184,2019-12-25,2017-06-17,Can't watch youtube video without a connected sound output device,686
185,2017-12-01,2017-04-26,Deadlock in cachestorageservice.cpp:1552,81
186,2018-07-10,2018-01-27,Cannot enable D3D11 in Firefox 31.0 on Windows 7,840
187,2017-12-18,2017-10-01,"HTML video element consumes memory too aggressively, and may cause OOM or freeze system",739
188,2018-06-30,2018-05-23,Firefox randomly using IPv6 via 6to4 relay on IPv4 connected client & servers,95
189,2019-11-04,2017-07-03,Can't set network.negotiate-auth.trusted-uris,301
190,2019-09-16,2018-03-08,URI encoding not correct for a string with a quoted % symbol,276
191,2019-04-10,2017-09-10,Seeking does not work in videos recorded with MediaStreamRecorder,543
192,2019-09-14,2018-03-12,WebSocket onclose not called when using wss://,718
193,2018-11-21,2017-05-03,"promethease.com drops the connection if ""AB'CDEFG5"" is used as the filename",848
194,2018-03-23,2017-12-15,missing websockets sent text messages on win8,954
195,2018-09-11,2018-06-24,Unable to drop a file on an embedded SWF,578
196,2018-01-10,2017-03-29,Use VideoProcessBlt for Color Conversion for video playback,773
197,2018-11-28,2018-11-10,Https font caching stops website rendering,51
198,2019-05-04,2018-07-16,Website not displayed correctly when using proxy,622
199,2017-11-03,2017-03-29,Firefox caches HTML5 video source URL temporal redirects,165
200,2017-08-09,2017-03-21,Firefox is missing characters in fast-typing applications,596
201,2018-10-30,2017-02-19,websocket sends large text data,528
202,2018-06-28,2017-01-24,CORS GET request with no special headers fails to follow redirect,52
203,2018-07-02,2018-06-25,Scripts are getting rendered from image files,765
204,2019-10-10,2019-02-23,80 ms delay fetching images after html body with local website,380
205,2019-06-17,2019-05-28,Files being downloaded twice when proxy enabled,669
206,2018-05-18,2017-10-01,Sock5 proxy connection fail,290
207,2017-12-01,2017-07-16,"[Ubuntu Firefox] Crash Bug in 34.0 ""MessageChannel.cpp, line 1618"" (a long domain name in /etc/hosts?)",219
208,2019-10-09,2018-08-24,WebGL lags,714
209,2017-12-18,2017-01-19,The procedure entry point PK11_PubDecryptRaw could not be located in the dynamic link library nss3.dll,788
210,2019-09-21,2017-03-11,proxy authentication: Firefox should give up trying to re-auth if another auth mechanism already chosen,196
211,2019-12-08,2017-08-09,Switching networking Location on OS X causes crash,767
212,2018-11-21,2017-01-08,Submit button does not work in CC verification form,55
213,2018-08-21,2017-07-04,give names to AudioOutputStreams of pulseaudio,278
214,2018-08-10,2017-05-25,PAC: proxy pac reload when expiring from cache,912
215,2019-09-18,2019-02-04,Firefox ESR is slow when using a proxy.pac file in an entreprise environment with proxy infrastructure,490
216,2018-04-08,2017-02-23,Firefox permanently using 70% to 100% of CPU on some graphical websites,700
217,2018-07-02,2017-11-12,File handle remains open/locked by Firefox after local file accidentally dropped on browser window,333
218,2019-08-02,2018-06-15,OCSP requests are sent through proxy server without (required) authentication,146
219,2019-11-06,2018-10-31,Firefox 35 -no-remote on Fedora 21 (via SSH -X) just hangs,678
220,2018-11-10,2017-04-04,Performance in not active tab is extremely slow in comparison with active tab,219
221,2019-04-12,2018-09-30,Black and white areas appear covering content and UI,251
222,2017-07-31,2017-03-06,canvas empty in firefox 36.0.1,337
223,2018-11-26,2018-09-16,screen flashes random colored lines/shapes on Windows 10 Technical Preview build 9926,378
224,2019-07-03,2019-03-17,Firefox 37 will not fail to Basic authentication for proxy on Mac OS X,475
225,2019-03-20,2017-11-28,[SVG] feColorMatrix inverse colors incorrectly,759
226,2018-03-09,2017-12-01,Car Visualizer demo on Firefox for Android crashes due to memory pressure event,899
227,2019-08-13,2018-02-17,Email body is not loading in webmail due to overly deep tag nesting,675
228,2019-12-30,2019-04-10,Tell the proxy host in connection error message,208
229,2017-07-13,2017-05-15,input type number spin buttons on Windows Server 2012 R2 render issue,912
230,2019-10-15,2018-02-28,Incorrect redraw when maximized and switching monitors with keyboard,292
231,2019-11-27,2018-04-12,"Dynamically-loaded image sometimes receives 206, never completes",461
232,2018-10-25,2018-06-17,Clipboard content encoded incorrectly when copying content in Linux,859
233,2019-10-04,2017-02-08,[oxygen-gtk3] open/upload/save file under kde is impossible because of filepicker,509
234,2019-10-07,2017-07-22,Panel not showing at the correct position when attached to a toggleButton in FF46+,154
235,2019-11-21,2017-03-13,Execution of atomic javascript function gots interrupted by an onload callback eventhandler,518
236,2017-10-03,2017-09-23,Text input with author styles (e.g. border) lacks focus indicator,175
237,2018-09-28,2018-07-02,middlemouse.contentLoadURL is not prevented with preventDefault(),641
238,2018-10-02,2017-09-30,Missing Origin header when requests to the same-origin and crossorigin set,668
239,2019-04-23,2019-03-30,better audio quality on slowed down html5 video/audio playback speed,268
240,2018-12-19,2017-10-31,[prettify] Performance degradation for minified code in firefox developer edition,816
241,2019-04-28,2018-10-01,[e10s-multi] Firefox 55 breaks tabs & session with high number of processes and causes critical dataloss,399
242,2018-10-30,2017-02-23,"""dragstart"" requires setting dataTransfer",238
243,2018-11-13,2018-07-15,requestPresent not allowed inside a callback function from user gesture,108
244,2018-12-14,2017-03-29,Non-starting video makes for constant CPU usage after autoplay has been disabled,373
245,2018-08-17,2018-05-16,Document's named getter should return applet/object/img by id even if there's another element with the same id,271
246,2017-11-12,2017-04-18,Thunderbird Menu: right arrow indicating a sub menu is missing,260
247,2019-10-26,2018-11-16,Programmatically focusing an iframe's parent window prevents focus on iframe contents,898
248,2019-02-24,2018-02-04,XHR Range Requests on LARGE local files (via file://) takes forever to return and sometimes freeze up the browser,273
249,2018-05-08,2017-08-10,occasional judder on YouTube video with 4k 60fps VP9 hardware decoding,936
250,2017-12-23,2017-03-02,Poor performance of playing of fullscreen videos,814
251,2019-01-23,2017-10-23,"""Store password"" dialog box and also password choice doorhanger freezes input system-wide while it is up",771
252,2019-12-07,2017-10-07,Setting responseType on an XMLHttpRequest object when readyState is 2 from a web worker throws an InvalidStateError,254
253,2017-08-24,2017-04-14,"In Nightly, font rendering is messed up on a few sites. (bad AA)",353
254,2017-10-17,2017-08-20,orbit.chat may freeze or crash the browser,738
255,2019-01-20,2018-10-18,Parent element won't get focus when child with fixed position is clicked,866
256,2018-10-14,2017-07-15,Add telemetry for alert/confirm/prompt usage,76
257,2018-06-21,2017-03-31,"Blank missing content in some webs like Youtube,Meneame.. in Firefox 57 Quantum| Xubuntu 64-Bit",118
258,2019-05-04,2018-01-31,Next focusable element is not updated on button click on OS X,888
259,2018-04-27,2017-06-26,GLib-GObject-CRITICAL starting Firefox,86
260,2018-11-07,2018-08-21,on my NIGHTLY browser the tool tips box is empty of text.,19
261,2018-12-25,2018-06-20,XMLHttpRequest onerror isn't called when uploading a file,231
262,2018-12-07,2017-04-24,Firefox 57 video lags when some content loaded in background tab,454
263,2019-10-10,2017-03-28,PocketCasts audio distortion at 2.7x playback speed,622
264,2018-05-03,2017-09-29,WebRTC should be behind permission dialog like microphone access,604
265,2019-06-04,2017-12-31,Figure out what storage can be moved to 'Local' path on Windows and what can remain in 'Roaming',884
266,2019-03-12,2017-04-23,Parts of page don't display completely since FF 56 (ie in Gmail),688
267,2018-11-20,2018-07-12,latest Firefox breaks Facebook games,665
268,2019-12-08,2018-08-28,Playback video lags while audio works fine,246
269,2019-08-20,2018-10-09,the dialog to select audio/video device do not pop up sometimes when calling getusermedia,280
270,2019-12-14,2019-04-12,Memory corruption issue - Access violation reading address,309
271,2019-06-15,2017-10-04,High memory usage in GPU process with many YouTube tabs,465
272,2019-09-13,2017-03-26,firefox does not load videos fully,3
273,2019-04-03,2018-11-01,Firefox on primary monitor at 75hz makes firefox occasionally drop FPS. Vsync/DWM issue? (Redstone 3 build),772
274,2019-12-02,2018-08-19,Content of open tabs is invisible after some time.,94
275,2018-09-11,2017-05-11,Key events re-queued out of order if focus changes on keydown,821
276,2018-08-25,2017-07-03,interaction with flash affecting codecs,477
277,2018-04-08,2017-08-08,unable to read window content through javascript when opening an JSON file,463
278,2019-12-04,2018-02-07,Memory useage doesn't clear with browser refresh,669
279,2018-10-06,2018-04-30,font rendering become too dark / bold @FF56,252
280,2018-10-15,2017-03-13,max-fs does not work when reusing RTCpeerconnection,659
281,2019-09-22,2018-07-12,OpenH264 Plugin does not work frequently in firefox 56,401
282,2019-09-12,2017-03-09,Hardware acceleration problem and high CPU/GPU utilization during video playback,870
283,2019-04-16,2017-11-23,can not get VideoTracks ended message while close the shared window,873
284,2019-01-26,2018-09-06,webrtc cannot encode or decode stream with h264,198
285,2019-04-11,2019-02-02,Hardware Acceleration Leads To Incorrect Rendering of Webpages and UI,553
286,2019-07-29,2018-11-28,Video decoding causing locked 100% GPU load on AMD graphics cards,513
287,2019-06-08,2017-11-09,getusermedia cause breakdown,331
288,2019-09-26,2018-03-07,Using DBUS_SESSION_BUS_ADDRESS does not work with sandboxing,77
289,2018-04-17,2017-02-05,Context menu sometimes shown in the wrong place after DPI scaling factor changes,25
290,2018-07-25,2017-11-07,pressing the ESC or ENTER key on window.prompt triggers keyup,902
291,2019-12-13,2019-05-12,the video paused when plugout the audio device inuse.,770
292,2018-05-22,2018-02-19,Graphical glitch firefox 57,846
293,2019-10-12,2017-07-19,WebRender slow when power plan is set to power saver,902
294,2019-09-04,2018-09-04,"""Close All Windows"" missing on macOS",131
295,2019-11-17,2017-04-08,menu items hang,117
296,2018-11-03,2018-07-10,Playing certain types of videos crashes graphic driver after upgrading to FF 57,744
297,2019-10-15,2019-03-25,In RTL Firefox on a Mac the green / yellow / red buttons in the window are shown incorrectly,48
298,2018-09-15,2017-04-11,Crash: infinitely-recursive reflow leading to stack-overflow on ContextState::Init() /builds/worker/workspace/build/src/intl/lwbrk/nsJISx4051LineBreaker.cpp:733:21,424
299,2019-06-13,2018-09-19,Cannot pan online catalog on Linux,762
300,2019-08-30,2019-08-10,execCommand('copy') model broken due to clipboardWrite requirement for > 1MB data,990
301,2019-04-10,2018-08-11,"Pointerlock limited, movement rapid and unpredictable",218
302,2019-05-25,2018-02-25,Issue opening new tab with pinned tab,609
303,2017-11-24,2017-10-02,firefox quantum slowly closes file uri process (5 seconds),234
304,2018-04-14,2017-05-30,YouTube videos slowing down to 30fps at random intervals and durations,826
305,2019-11-15,2017-01-23,window.caches methods throwing NS_ERROR_FAILURE on Firefox 57 under https,884
306,2019-08-05,2017-07-26,"On Mac, with RTL languages, CMD+Left/Right goes in wrong direction",261
307,2019-02-28,2018-11-26,CRITICAL on CPU_IOWAIT,297
308,2019-11-09,2017-05-26,"For some reason I can't seem to figure out, when I try to open certain pages in InPrivate Browsing of firefox, eg. reddit. The tab will load for second and then crash. If I try to recover it just crashes again and again.",101
309,2018-08-22,2017-12-19,Firefox Quantum Causes Mac OS Intel GPU Spikes,733
310,2019-03-26,2018-11-06,Can't interact with pages after pressing Alt,886
311,2017-05-25,2017-03-22,Animations inside an extension have display issues,193
312,2019-05-31,2017-07-19,Web storage file size limitation is unsuitable,935
313,2017-10-09,2017-07-19,setTimeout loop in web worker causing memory leak,875
314,2019-06-10,2017-02-15,Focused element does not change if tab keydown event hides active element,283
315,2019-03-25,2018-09-03,vp9 encoded webm does't play on firefox for android,468
316,2017-11-01,2017-08-26,Long time interval between mousemove events,164
317,2019-11-12,2018-05-24,Don't play media triggered before page is fully loaded.,324
318,2018-11-09,2017-07-31,Scrolling gmail's label list is slower / more cpu intensive with WebRender,295
319,2017-06-06,2017-02-12,VMware vCenter 6.5 Flash web client not accepting keyboard input,607
320,2017-08-07,2017-06-28,File blob for MacOS package zero length,592
321,2018-12-11,2018-02-23,Webrender: Nightly on Win 8.1 x64 - Window controls not shown when WR is enabled.,176
322,2019-05-26,2019-04-12,tabs.printPreview() sometimes hangs on Mac OS X,316
323,2019-09-13,2018-01-22,javascript pausing and immediate playback of audio freezes the os,447
324,2018-06-26,2017-02-22,GPU clocks pegged at 100% while watching HD Youtube videos,526
325,2019-06-27,2017-06-21,Low/Erratic CPU Usage when Playing 1080p60fps Video,913
326,2019-07-10,2017-12-22,Indexed DB Databse not shown in Developer Tools for local HTML page,269
327,2018-07-13,2017-12-15,The RAM used is growing without any limit for some videos,139
328,2019-05-25,2017-06-27,Broken subpixel blending on Amazon with WebRender enabled,831
329,2019-08-28,2018-02-03,Firefox doesn't seem to properly support margin expressed as %,131
330,2017-08-05,2017-07-31,Very High CPU Usage (150-200%) on Twitch macOS (profile included),979
331,2019-12-22,2019-07-12,Scaled images continue displacing original area when size is set by css-grid,155
332,2018-04-08,2017-06-19,Multiple graphical bugs on high refresh rate monitors,561
333,2019-09-19,2018-11-20,"Windows: Firefox fails to release child process handles, leading to zombie processes",970
334,2019-12-09,2019-01-15,iframe not clickable with sandboxing,841
335,2019-02-17,2018-04-08,Video issues on during playback at 1440p at full screen,193
336,2019-05-25,2019-05-18,Cannot get background property of an element when loaded in an iframe,830
337,2019-06-23,2018-08-05,Audio is missing in version 60.0b1 (64-bit) Linux 64bits,732
338,2017-12-18,2017-06-16,Printing to 300x600 dpi label printer is half width,257
339,2019-11-10,2019-05-01,Large amount of GPU memory used per content process,750
340,2019-08-24,2018-10-09,[Pointer Events] Pointer Devices that identify as mouse (but are not an actual mouse) log wrong coordinates,202
341,2019-08-27,2017-07-29,Latent use of uninitialized pointer in nsPluginHost::PostURL(),306
342,2019-05-26,2017-07-28,Dragged images from Firefox doesn't fully support the File Promise,529
343,2019-10-09,2019-03-11,"Mac: even after bug 1419851 fix, WebRender ON uses more CPU than WebRender OFF for CSS animations",676
344,2017-07-17,2017-02-09,Main thread hang when opening new windows and browseraction dropdowns (1+s delay),219
345,2018-08-24,2017-01-25,Volume of Firefox is frequently reset to 100% in the Windows Volume Mixer dialog box,995
346,2019-10-17,2019-08-28,firefox 52 segfault in js,137
347,2018-04-22,2017-03-30,high cpu usage while playing videos,678
348,2019-06-25,2019-02-11,Reload doesn't behave like other browsers,46
349,2017-10-04,2017-08-05,CSP blocks the use of <animate> tag in inline svg.,182
350,2019-11-05,2018-03-15,provide asynchronous versions of some PKCS#11 APIs,571
351,2018-07-22,2018-04-13,Flashing and high cpu use with WebRender (Sandybridge Mobile),501
352,2019-04-24,2017-07-25,My sci-fi pitch site -- Every other browser plays my multiple MP4 movies fine (see SAFARI),553
353,2019-02-24,2018-07-27,Performance regression in WebGL,655
354,2019-01-13,2018-09-26,No audio being played by firefox in version 60 windows 7,668
355,2018-01-02,2017-07-11,WebRTC video encoding broken,643
356,2018-10-16,2018-04-18,cisco teams app leads to frozen media,339
357,2019-06-24,2018-11-16,Allow range requests to pass through a service worker,938
358,2019-10-29,2019-10-13,Cookies set with SameSite=strict are not sent in redirects,103
359,2018-03-16,2018-03-04,JS WebSocket close listener reopens a socket after page unload,657
360,2018-02-06,2018-01-06,Hardware acceleration on Windows slows down masked SVG rendering by factor 2 to 4,60
361,2019-09-17,2019-07-11,HLS player dropped 50% of the audio frames,177
362,2019-06-20,2018-04-28,IndexedDB database version set to 1 when aborting initial upgrade transaction,170
363,2018-01-07,2017-10-28,Video playback fail with OS power saving mode active,778
364,2019-04-17,2017-11-06,Back button doesn't work with Firefox 61 with Google Container addon,649
365,2019-03-17,2018-03-01,the browser can't read the Gzip encode data in website and return with blank value for it,228
366,2019-12-31,2019-12-28,sandboxed cross-origin iframe with allow-same-origin flag allows getUserMedia without proper allow flag,674
367,2019-03-07,2018-11-13,Cannot delete cookies that do not have a domain,133
368,2018-02-23,2017-03-06,"audio not playing in version 61, worked perfectly in version 60",263
369,2019-07-02,2019-04-11,Setting media.gmp-provider.enabled to false does not prevent plugins being downloaded,373
370,2019-09-01,2019-01-07,WebRender Mac regression: Garbled content after opening 2nd window.,965
371,2019-02-14,2018-10-05,On GNU+Linux switching tabs with alt+1 etc passes the hit of 1 to the page,880
372,2019-06-29,2018-01-01,Fetch Does not properly handle requests for media,199
373,2019-10-06,2018-09-15,leaks in native fuzzing interface with ASAN_OPTIONS=detect_leaks=1,757
374,2019-03-14,2018-11-17,cannot use ASAN_OPTIONS=detect_stack_use_after_return=1 with native fuzzing interface,650
375,2019-12-04,2019-03-11,IndexedDB won't run onupgradeneeded in some cases during add-on upgrade,267
376,2019-03-11,2017-06-21,write to wrong stream when two POST requests are sent at the same time using HTTP2,579
377,2018-03-20,2018-02-19,mouseout' event fires prematurely for <select> element,964
378,2017-11-22,2017-10-07,scrolling in google sheets extremly slow (1-2fps),153
379,2019-10-22,2018-05-03,cookie is not sent to server after 302 redirect with set-cookie header,711
380,2019-03-06,2018-12-02,Cannot paste clipboard image data to Imgur.com,238
381,2018-06-26,2017-06-17,[WebPush] Firefox keeps returning an expired endpoint,638
382,2017-10-09,2017-09-22,Web push signal is sometimes lost on Android,472
383,2019-05-28,2017-06-29,localstorage setitem errors,564
384,2018-07-06,2017-10-24,Scrolling gets stuck on some pages and divs,299
385,2019-12-08,2019-01-24,Repeatable WebSocket Secure wss timeout,463
386,2019-03-20,2019-03-16,[WebRTC] VP9 video freezes when RTP flexible mode is used,557
387,2017-10-22,2017-08-25,TCP connection reset by F5,393
388,2019-09-10,2017-01-29,Boston globe ePaper freezes on surface pro 2017,704
389,2019-04-01,2018-03-25,User can navigate to URLs that are replaced by history api replaceState,801
390,2018-10-08,2017-12-19,At exit time firefox tries to connect to incoming.telemetry.mozilla.org without respecting proxy settings,64
391,2018-02-16,2017-03-14,ICE fails over NAT,113
392,2018-09-14,2017-11-06,Widgets from addons open/render slowly with gfx.webrender.all enabled,590
393,2018-05-10,2017-06-22,Rewind freezes video playback on YouTube since FF63,908
394,2018-07-30,2018-03-09,On MacOS Mojave can't minimize window if another window is maximized on a second screen,180
395,2019-04-29,2018-10-13,Overflow:auto from overflow:hidden in firefox is triggering a scroll event,332
396,2019-04-16,2017-12-12,"tinymce not working properly in 64 version, in 63 works fine",905
397,2019-07-10,2019-03-23,Remove maxRetransmitTime from RTCDataChannelInit,844
398,2017-07-22,2017-01-27,Firefox stripping CORS headers from cached requests,996
399,2019-05-25,2019-03-20,Audio stuttering on Twitch since 64.0.2,308
400,2019-07-03,2017-02-12,Context menu pop-up position is incorrect,309
401,2018-08-11,2017-05-10,RSA Encrypt is VERY SLOW in firefox,834
402,2019-08-08,2018-07-31,System is going to sleep/suspend during playing video on Youtube,285
403,2019-01-17,2017-10-08,open h264 and Widevine will not install if Win 10 user name unequal user folder name,432
404,2019-09-05,2017-05-11,Just detecting WebVR causes constant ~13% CPU usage even when doing nothing else...,987
405,2019-05-16,2018-12-29,Losing Global Variable value in version 64.0,654
406,2018-09-29,2017-06-11,WebRTC Indicator always shown on main screen in multi-monitor Windows setups,506
407,2019-05-15,2018-10-28,Middle-click scroll not working over elements with shadowDOM when scroll overflow is used,585
408,2019-10-15,2018-08-16,"Mac: Hundreds of Objective-C memory leaks per content process, mostly NSFont, __NSCFDictionary",818
409,2018-07-16,2017-07-20,Screen sharing only working for top-left quarter of screen (OSX dual-monitor),262
410,2018-11-29,2017-08-01,Content Blocking operating on sites with self-signed SSL certificates despite being disabled,817
411,2018-06-30,2017-08-29,AV1 playback uses significantly more CPU when RDD is enabled,812
412,2018-01-12,2017-11-24,Firefox 67.0.0.7020 Deadlock when using msaa interface,967
413,2018-10-13,2017-08-28,Firefox crash [@ CLocalEndpointEnumerator::OnMediaNotification ] after update,285
414,2018-03-11,2017-12-04,"With DNS-over-HTTPS/TLS moving towards release and plans of being enabled by default, we should enable support for reading a user's hosts file",35
415,2017-11-20,2017-08-12,MediaStreamTrack of first video track recorded by MediaRecorder using RTCRtpSender.replaceTrack() is missing seconds and up to last second of audio of last video is muted,641
416,2019-06-24,2017-05-14,fetch/response/body stream buffers data when Content-Type is not set,362
417,2018-10-31,2018-08-26,Proxmox NoVNC keyboard capturing failures,499
418,2018-08-06,2017-07-23,null pointer crash @ mozilla::dom::WorkerPrivate::Notify(mozilla::dom::WorkerStatus),611
419,2019-07-29,2019-05-08,breaking booklets after '#' in javascript,842
420,2018-03-02,2017-07-25,Executing getDisplayMedia() occasionally freezes operating system except for cursor movement,335
421,2018-08-28,2017-05-29,Tooltip does not get disappear while doing horizontal scrolling as browser does not fire mouseLeave event,905
422,2017-11-16,2017-05-14,CascadingDropDown causing infinite refresh,140
423,2019-09-24,2018-07-21,"[Wayland] Developer Edition crashes on startup, nightly working fine",589
424,2018-02-08,2017-05-06,No audio output from Firefox when system sound is routed through third-party driver (Universal Audio Virtual Channels).,310
425,2019-08-16,2018-08-18,[wayland] Render with WR before first frame callback causes crash,866
426,2017-10-15,2017-02-20,Webrendered window overflows monitor,713
427,2018-07-30,2017-09-06,Crash in [@ IPCError-browser | ShutDownKill],334
428,2018-04-30,2017-04-24,Google Hangouts Connected To Google Voice Delay When Answering Call,404
429,2018-12-18,2017-12-07,Convert the JS tests suites to Python 3. (/js/src/tests/jstests.py ),893
430,2019-06-04,2017-03-12,Intermittent fail on https://web-platform.test:8443/service-workers/service-worker/ready.https.html,518
431,2019-02-19,2017-12-26,postMessage to a redundant service worker should drop silently.,460
432,2019-11-28,2018-11-17,UI interaction behaves unexpectedly when system is under load.,498
433,2019-10-09,2017-08-08,texture-size-limit.html crashes firefox and kwin,393
434,2018-09-18,2018-05-25,Link rel=prefetch may fire onload without sending network request.,378
435,2019-10-30,2019-10-05,"Accessibility issue with screenreaders, sutch as jaws and NVDA with firefox",942
436,2019-02-18,2017-05-02,Browser hang's on excessive download attempts,479
437,2018-08-26,2017-08-03,fetch cannot be aborted by AbortController(AbortSignal),917
438,2017-10-14,2017-10-02,FF68.0b12 sometimes does not load local video data (showing whitescreen) to the video element srcObject when calling getUserMedia,946
439,2017-05-11,2017-04-06,Firefox shows warning about local storage usage when using WebTorrent,261
440,2019-12-24,2017-12-01,"when trying to log in to a web site, CPU nearly maxes out during password entry",878
441,2019-08-12,2018-11-08,"[wayland] ""GLXtest process failed"" when XWayland is disabled",859
442,2019-12-26,2018-10-24,Cannot drag specific address to desktop,704
443,2019-12-26,2019-03-15,Windows Mixed Controller not listed on navigator.getGamepad in WebVR,973
444,2019-05-09,2018-08-12,Firefox bounces in Dock once and won't open,772
445,2019-04-22,2017-12-10,Firefox/NVDA: Massive Sluggishness when Attempting to Place an Order from the TalkTalk.co.uk Website,928
446,2019-07-11,2017-06-06,[10.15] Firefox wont display full screen youtube video on external display on macos 10.15 beta 6,526
447,2018-10-01,2018-01-03,memory leak while Web worker continuously post data through ajax,794
448,2019-08-28,2018-08-16,Selecting font crashes (segfault) firefox on wayland,214
449,2018-05-30,2018-05-11,Nighty and Developer the scroll is jerky on Intel 4600,357
450,2019-08-17,2019-04-28,24 Hz Video output has judder/jerkiness as compared to Safari.,885
451,2019-08-22,2018-08-05,Camera being accessed even though website doesn't have permission to do so,203
452,2018-07-14,2018-04-27,[meta] Firefox for Librem 5 support tracker,848
453,2017-07-04,2017-06-16,temporary heap-unclassified leak on web.telegram.org,56
454,2017-06-30,2017-03-25,Firefox starts up slow when the local hostname cant be resolved,709
455,2017-11-20,2017-04-07,Tab crash when IndexedDB is disabled,171
456,2018-12-18,2017-07-24,"intl.accept_languages set to ""en-US, en"" when first start in chinese OS",812
457,2019-01-16,2017-11-25,Back button loses history push state changes when previously on page,420
458,2019-02-21,2017-07-19,samsung sync-thru,241
459,2019-04-26,2017-07-14,Can't build with macOS 10.15 SDK - Undefined symbols for NSSurface (DontCutOffCorners),193
460,2019-05-31,2017-11-08,Personal Certificate not Deleting,34
461,2019-02-15,2018-08-26,Copy-pasting a picture or text to Facebook Messenger throws out an error,58
462,2018-10-12,2018-03-26,Crash when viewing source and selecting when html contains null bytes,892
463,2019-08-12,2018-05-01,302 response is cached even with no-cache header,181
464,2017-12-27,2017-02-09,Notification on GNOME only opens the correct tab if no Firefox windows is currently focused,90
465,2018-07-29,2017-09-09,The title bar is present even when disabled in Customise (Linux),854
466,2019-11-24,2018-08-03,"Error when issuing ""browser:purge-session-history"" when browser.privatebrowsing.autostart = true",945
467,2019-10-23,2018-02-20,Unable to change my Firefox add-on settings on Wayland,518
468,2019-09-28,2017-08-23,Spidermonkey does not build with --disable-shared-js,990
469,2019-08-03,2018-08-11,Service Worker doesn't terminate after a period of time when thread blocking,256
470,2018-06-06,2018-05-10,Firefox 69.0.3 crashes on visiting certain pages on Debian Buster running on i386 processor.,413
471,2018-02-21,2017-10-10,proxys not working after firefox 70,52
472,2018-07-23,2017-09-07,Can't play H.264 video on RZ/G2 with OpenMAX,308
473,2019-06-02,2018-01-09,"DNS over HTTPS should fall back for archive.is, archive.fo, archive.today, etc.",897
474,2018-06-04,2017-10-21,"Maximizing Firefox window only allows half of window (Linux Mint 19.2, Firefox Nightly 72.0a1)",665
475,2019-09-23,2018-06-21,crash @ gtk_im_context_wayland_set_surrounding - failed to allocate 18446744073709548432 bytes,993
476,2019-08-16,2018-10-21,"Notification shows in Windows 10 even if ""show only alarms"" is set",419
477,2018-04-14,2017-11-04,No text on first page when printing from eOS/ubuntu instead of windows,651
478,2019-01-14,2018-05-09,Worker busy counts probably erroneously reaching zero and causing worker garbage collection (GC) - WASM in WebWorker terminates (crashes?) without notice,436
479,2019-07-18,2018-03-20,Temporary intermittent browser hang in js::GCParallelTask::join() on Windows 10,137
480,2018-05-05,2017-04-07,Right click opens menu on the first monitor (Desktop 1) instead of second monitor in mac OS Catalina,803
481,2017-06-06,2017-01-05,GLXVsyncThread occupied high CPU,11
482,2019-09-13,2018-06-26,PAC: dnsResolve() lags and unexpected behavior,210
483,2019-08-13,2017-10-19,Track-pad click fails to initiate selectstart,693
484,2019-10-05,2018-12-07,Sometimes font rendering breaks,783
485,2018-09-01,2017-08-10,Memory leak on certain website,548
486,2019-08-14,2018-01-18,Do not expose ServiceWorkerContainer to WebExtension principals. (Registering service worker from background javascript in Firefox Add-On fails),93
487,2018-05-20,2017-09-14,Firefox does not play sound on .ogv video although automatic playback for audio and video is set in security preferences,123
488,2019-08-15,2018-01-01,"Firefox, when pressing Space or Enter and creating a new button and focusing it, issues a click event on it",157
489,2018-03-03,2017-06-21,Firefox's DoH and eSNI not working if PAC-script enabled,541
490,2019-07-11,2018-09-20,webappsstore.sqlite contents not being deleted at shutdown,915
491,2018-01-02,2017-02-27,Backspace last letter in list item causes bogus <br> inserted,569
492,2019-12-19,2019-02-20,One window stuck in macos dark mode when system automatically switched to non-dark mode,767
493,2019-01-12,2018-01-16,Suggestion: Increase 206 request network priority and importance (Audio playing),372
494,2019-08-23,2018-07-04,pthread_mutex_lock failed: Invalid argument,127
495,2017-07-23,2017-02-10,Service Workers can navigate out-of-scope clients,874
496,2019-11-04,2018-08-18,"After set the Allow autoplay audio, Webrtc Still blocking audio in version 69",461
497,2018-09-03,2017-12-15,Firefox crash with Wayland: runtime check failed: (impl->staging_cairo_surface != cairo_surface),297
498,2019-10-07,2019-06-10,Remove fixed slot for WasmTlsReg in webassembly frames,706
499,2019-05-27,2018-09-13,GP+[GFX1-]: shader-cache: Timed out before finishing loads | Weird text color at random,818
500,2019-12-24,2017-09-14,Enterprise root certs option not working in linux,602
501,2018-04-05,2017-11-05,"Accessibility issue with screenreaders, sutch as jaws and NVDA with firefox",471
502,2018-12-14,2017-07-14,fetch cannot be aborted by AbortController(AbortSignal),284
503,2019-04-08,2017-10-03,Spidermonkey does not build with --disable-shared-js,405
504,2018-09-02,2017-02-06,Firefox 69.0.3 crashes on visiting certain pages on Debian Buster running on i386 processor.,31
505,2017-05-30,2017-01-19,Firefox's DoH and eSNI not working if PAC-script enabled,653
506,2019-12-01,2019-10-22,webappsstore.sqlite contents not being deleted at shutdown,893
507,2019-03-24,2019-01-02,Enterprise root certs option not working in linux,705
508,2018-05-04,2017-05-31,Can't play H.264 video on RZ/G2 with OpenMAX,997
509,2017-07-08,2017-04-22,Tiled background on clipped layer appears incorrectely since Mozilla 1.4,312
510,2019-02-13,2017-01-11,Scripts are getting rendered from image files,83
511,2018-06-19,2017-07-08,Firefox 35 -no-remote on Fedora 21 (via SSH -X) just hangs,872
512,2019-03-16,2018-04-12,Clipboard content encoded incorrectly when copying content in Linux,714
513,2019-01-17,2018-08-02,[oxygen-gtk3] open/upload/save file under kde is impossible because of filepicker,978
514,2019-12-02,2017-07-09,Panel not showing at the correct position when attached to a toggleButton in FF46+,878
515,2018-11-25,2017-08-06,Execution of atomic javascript function gots interrupted by an onload callback eventhandler,5
516,2019-10-08,2019-06-13,Text input with author styles (e.g. border) lacks focus indicator,708
517,2019-08-16,2018-08-06,middlemouse.contentLoadURL is not prevented with preventDefault(),522
518,2017-01-31,2017-01-30,Missing Origin header when requests to the same-origin and crossorigin set,92
519,2019-12-07,2018-02-15,better audio quality on slowed down html5 video/audio playback speed,579
520,2019-07-30,2017-03-19,[prettify] Performance degradation for minified code in firefox developer edition,176
521,2018-07-04,2017-01-27,[e10s-multi] Firefox 55 breaks tabs & session with high number of processes and causes critical dataloss,577
522,2019-03-24,2017-11-11,"""dragstart"" requires setting dataTransfer",557
523,2019-03-27,2018-07-29,requestPresent not allowed inside a callback function from user gesture,761
524,2018-02-04,2017-10-13,Non-starting video makes for constant CPU usage after autoplay has been disabled,916
525,2019-11-22,2018-01-27,Document's named getter should return applet/object/img by id even if there's another element with the same id,229
526,2017-11-23,2017-09-30,Thunderbird Menu: right arrow indicating a sub menu is missing,921
527,2019-10-22,2017-04-01,Programmatically focusing an iframe's parent window prevents focus on iframe contents,156
528,2017-08-24,2017-03-23,XHR Range Requests on LARGE local files (via file://) takes forever to return and sometimes freeze up the browser,242
529,2018-05-09,2017-04-05,occasional judder on YouTube video with 4k 60fps VP9 hardware decoding,684
530,2019-09-05,2017-01-05,Poor performance of playing of fullscreen videos,923
531,2018-08-24,2018-08-18,"""Store password"" dialog box and also password choice doorhanger freezes input system-wide while it is up",129
532,2018-05-12,2017-01-24,Setting responseType on an XMLHttpRequest object when readyState is 2 from a web worker throws an InvalidStateError,817
533,2018-02-25,2017-05-30,"In Nightly, font rendering is messed up on a few sites. (bad AA)",832
534,2018-11-21,2018-02-17,orbit.chat may freeze or crash the browser,746
535,2019-02-16,2018-06-28,Parent element won't get focus when child with fixed position is clicked,555
536,2019-07-05,2017-08-22,Add telemetry for alert/confirm/prompt usage,834
537,2018-06-05,2017-11-12,"Blank missing content in some webs like Youtube,Meneame.. in Firefox 57 Quantum| Xubuntu 64-Bit",712
538,2018-09-25,2017-11-12,Next focusable element is not updated on button click on OS X,872
539,2019-09-01,2017-02-19,GLib-GObject-CRITICAL starting Firefox,29
540,2019-05-15,2018-01-13,on my NIGHTLY browser the tool tips box is empty of text.,718
541,2019-11-11,2019-04-10,XMLHttpRequest onerror isn't called when uploading a file,857
542,2019-02-02,2017-12-20,Firefox 57 video lags when some content loaded in background tab,956
543,2019-05-06,2018-09-18,PocketCasts audio distortion at 2.7x playback speed,258
544,2019-10-26,2019-10-12,WebRTC should be behind permission dialog like microphone access,68
545,2019-10-04,2017-11-02,Figure out what storage can be moved to 'Local' path on Windows and what can remain in 'Roaming',556
546,2018-02-17,2017-07-13,Parts of page don't display completely since FF 56 (ie in Gmail),568
547,2019-12-17,2018-06-12,latest Firefox breaks Facebook games,863
548,2018-09-26,2017-07-01,Playback video lags while audio works fine,217
549,2018-10-04,2018-06-08,the dialog to select audio/video device do not pop up sometimes when calling getusermedia,171
550,2019-03-30,2018-03-12,Memory corruption issue - Access violation reading address,497
551,2019-07-13,2017-06-03,High memory usage in GPU process with many YouTube tabs,527
552,2018-06-06,2018-05-19,firefox does not load videos fully,555
553,2019-04-08,2017-04-17,Firefox on primary monitor at 75hz makes firefox occasionally drop FPS. Vsync/DWM issue? (Redstone 3 build),400
554,2019-05-16,2018-05-31,Content of open tabs is invisible after some time.,760
555,2017-09-09,2017-07-26,Key events re-queued out of order if focus changes on keydown,517
556,2019-08-16,2017-02-16,interaction with flash affecting codecs,207
557,2018-12-20,2018-05-10,unable to read window content through javascript when opening an JSON file,114
558,2019-05-17,2017-12-10,Memory useage doesn't clear with browser refresh,184
559,2019-04-14,2017-09-24,font rendering become too dark / bold @FF56,279
560,2018-09-28,2017-10-04,OpenH264 Plugin does not work frequently in firefox 56,189
561,2019-06-07,2019-03-03,Hardware acceleration problem and high CPU/GPU utilization during video playback,928
562,2018-01-05,2017-03-29,can not get VideoTracks ended message while close the shared window,117
563,2019-02-28,2018-08-20,webrtc cannot encode or decode stream with h264,713
564,2018-10-20,2017-06-26,Hardware Acceleration Leads To Incorrect Rendering of Webpages and UI,865
565,2019-04-23,2018-04-11,Video decoding causing locked 100% GPU load on AMD graphics cards,665
566,2018-07-06,2017-11-01,getusermedia cause breakdown,261
567,2018-04-16,2018-01-12,Using DBUS_SESSION_BUS_ADDRESS does not work with sandboxing,293
568,2019-09-21,2019-09-12,Context menu sometimes shown in the wrong place after DPI scaling factor changes,74
569,2019-01-01,2018-05-20,pressing the ESC or ENTER key on window.prompt triggers keyup,871
570,2019-08-23,2019-04-04,the video paused when plugout the audio device inuse.,146
571,2019-12-20,2019-06-18,Graphical glitch firefox 57,249
572,2019-10-11,2017-04-24,WebRender slow when power plan is set to power saver,466
573,2018-10-18,2017-09-06,"""Close All Windows"" missing on macOS",888
574,2019-08-17,2018-03-19,menu items hang,824
575,2019-07-30,2019-04-17,Playing certain types of videos crashes graphic driver after upgrading to FF 57,184
576,2018-07-26,2017-09-18,In RTL Firefox on a Mac the green / yellow / red buttons in the window are shown incorrectly,163
577,2019-04-22,2019-03-20,Crash: infinitely-recursive reflow leading to stack-overflow on ContextState::Init() /builds/worker/workspace/build/src/intl/lwbrk/nsJISx4051LineBreaker.cpp:733:21,234
578,2019-04-05,2017-01-22,Cannot pan online catalog on Linux,372
579,2019-08-19,2019-07-17,execCommand('copy') model broken due to clipboardWrite requirement for > 1MB data,640
580,2019-12-04,2019-04-12,"Pointerlock limited, movement rapid and unpredictable",757
581,2019-09-04,2017-01-15,Issue opening new tab with pinned tab,244
582,2019-06-09,2018-05-18,firefox quantum slowly closes file uri process (5 seconds),855
583,2018-10-03,2017-12-17,YouTube videos slowing down to 30fps at random intervals and durations,833
584,2019-11-21,2019-03-04,window.caches methods throwing NS_ERROR_FAILURE on Firefox 57 under https,962
585,2019-11-08,2019-08-30,"On Mac, with RTL languages, CMD+Left/Right goes in wrong direction",578
586,2019-01-26,2018-11-04,CRITICAL on CPU_IOWAIT,231
587,2018-02-12,2017-04-05,"For some reason I can't seem to figure out, when I try to open certain pages in InPrivate Browsing of firefox, eg. reddit. The tab will load for second and then crash. If I try to recover it just crashes again and again.",898
588,2018-11-18,2017-02-25,Firefox Quantum Causes Mac OS Intel GPU Spikes,164
589,2019-09-16,2019-04-18,Can't interact with pages after pressing Alt,570
590,2019-04-22,2019-02-22,Animations inside an extension have display issues,168
591,2019-07-14,2018-04-21,Web storage file size limitation is unsuitable,24
592,2019-02-11,2018-11-25,setTimeout loop in web worker causing memory leak,777
593,2018-11-05,2018-07-22,Focused element does not change if tab keydown event hides active element,564
594,2018-10-29,2018-08-28,vp9 encoded webm does't play on firefox for android,546
595,2019-06-04,2017-06-08,Long time interval between mousemove events,610
596,2018-09-30,2017-02-08,Don't play media triggered before page is fully loaded.,704
597,2019-11-18,2018-10-26,Scrolling gmail's label list is slower / more cpu intensive with WebRender,516
598,2019-11-16,2019-06-14,VMware vCenter 6.5 Flash web client not accepting keyboard input,898
599,2019-12-30,2019-08-03,File blob for MacOS package zero length,952
600,2019-05-27,2018-07-01,Webrender: Nightly on Win 8.1 x64 - Window controls not shown when WR is enabled.,795
601,2019-12-31,2017-01-10,tabs.printPreview() sometimes hangs on Mac OS X,997
602,2019-05-10,2017-07-04,javascript pausing and immediate playback of audio freezes the os,85
603,2018-09-03,2017-07-03,GPU clocks pegged at 100% while watching HD Youtube videos,557
604,2019-08-03,2017-07-24,Low/Erratic CPU Usage when Playing 1080p60fps Video,246
605,2018-02-13,2017-04-29,Indexed DB Databse not shown in Developer Tools for local HTML page,379
606,2018-11-08,2017-08-20,The RAM used is growing without any limit for some videos,634
607,2019-12-17,2017-10-22,Broken subpixel blending on Amazon with WebRender enabled,24
608,2017-05-30,2017-03-05,Firefox doesn't seem to properly support margin expressed as %,608
609,2018-11-28,2018-01-06,Very High CPU Usage (150-200%) on Twitch macOS (profile included),596
610,2018-06-15,2018-03-03,Scaled images continue displacing original area when size is set by css-grid,692
611,2019-11-27,2017-01-27,Multiple graphical bugs on high refresh rate monitors,210
612,2019-05-12,2018-08-03,"Windows: Firefox fails to release child process handles, leading to zombie processes",28
613,2018-02-06,2017-09-27,iframe not clickable with sandboxing,222
614,2018-09-09,2017-02-04,Video issues on during playback at 1440p at full screen,711
615,2017-11-26,2017-04-07,Cannot get background property of an element when loaded in an iframe,10
616,2019-12-24,2019-11-02,Audio is missing in version 60.0b1 (64-bit) Linux 64bits,804
617,2018-07-06,2017-07-18,Printing to 300x600 dpi label printer is half width,286
618,2017-12-02,2017-05-30,Large amount of GPU memory used per content process,181
619,2018-12-26,2018-11-14,[Pointer Events] Pointer Devices that identify as mouse (but are not an actual mouse) log wrong coordinates,177
620,2018-11-05,2017-11-26,Latent use of uninitialized pointer in nsPluginHost::PostURL(),851
621,2018-09-01,2018-06-06,Dragged images from Firefox doesn't fully support the File Promise,259
622,2018-11-02,2018-03-09,"Mac: even after bug 1419851 fix, WebRender ON uses more CPU than WebRender OFF for CSS animations",773
623,2017-05-30,2017-02-16,Main thread hang when opening new windows and browseraction dropdowns (1+s delay),447
624,2018-03-04,2017-11-27,Volume of Firefox is frequently reset to 100% in the Windows Volume Mixer dialog box,466
625,2019-05-16,2018-03-28,firefox 52 segfault in js,773
626,2018-04-30,2017-11-13,high cpu usage while playing videos,946
627,2019-09-11,2019-05-25,Reload doesn't behave like other browsers,786
628,2019-12-27,2019-05-03,CSP blocks the use of <animate> tag in inline svg.,97
629,2018-12-05,2018-05-20,provide asynchronous versions of some PKCS#11 APIs,688
630,2017-09-15,2017-02-04,Flashing and high cpu use with WebRender (Sandybridge Mobile),448
631,2019-05-07,2018-03-27,My sci-fi pitch site -- Every other browser plays my multiple MP4 movies fine (see SAFARI),207
632,2019-11-17,2018-03-29,Performance regression in WebGL,786
633,2018-06-02,2017-11-19,No audio being played by firefox in version 60 windows 7,16
634,2018-03-24,2017-11-29,WebRTC video encoding broken,896
635,2018-02-05,2017-01-19,cisco teams app leads to frozen media,629
636,2019-07-07,2017-01-27,Allow range requests to pass through a service worker,611
637,2019-11-02,2017-12-02,Cookies set with SameSite=strict are not sent in redirects,626
638,2018-11-11,2018-06-15,JS WebSocket close listener reopens a socket after page unload,219
639,2018-04-02,2017-04-06,Hardware acceleration on Windows slows down masked SVG rendering by factor 2 to 4,396
640,2017-05-21,2017-01-02,HLS player dropped 50% of the audio frames,333
641,2019-07-12,2019-07-05,IndexedDB database version set to 1 when aborting initial upgrade transaction,806
642,2018-03-18,2017-12-20,Video playback fail with OS power saving mode active,576
643,2019-01-12,2018-07-15,Back button doesn't work with Firefox 61 with Google Container addon,762
644,2017-07-04,2017-05-04,the browser can't read the Gzip encode data in website and return with blank value for it,268
645,2019-11-10,2018-11-13,sandboxed cross-origin iframe with allow-same-origin flag allows getUserMedia without proper allow flag,464
646,2019-12-30,2017-06-09,Cannot delete cookies that do not have a domain,937
647,2019-11-17,2019-08-11,"audio not playing in version 61, worked perfectly in version 60",91
648,2018-08-08,2017-11-19,Setting media.gmp-provider.enabled to false does not prevent plugins being downloaded,302
649,2019-10-02,2018-03-05,WebRender Mac regression: Garbled content after opening 2nd window.,968
650,2018-03-12,2017-11-15,On GNU+Linux switching tabs with alt+1 etc passes the hit of 1 to the page,165
651,2018-05-24,2018-03-02,Fetch Does not properly handle requests for media,75
652,2019-04-14,2018-07-04,leaks in native fuzzing interface with ASAN_OPTIONS=detect_leaks=1,798
653,2018-08-02,2018-04-19,cannot use ASAN_OPTIONS=detect_stack_use_after_return=1 with native fuzzing interface,923
654,2019-10-07,2018-06-03,IndexedDB won't run onupgradeneeded in some cases during add-on upgrade,967
655,2019-08-24,2017-09-07,write to wrong stream when two POST requests are sent at the same time using HTTP2,427
656,2018-10-17,2017-02-01,mouseout' event fires prematurely for <select> element,601
657,2019-03-19,2017-08-20,scrolling in google sheets extremly slow (1-2fps),963
658,2017-08-25,2017-01-05,cookie is not sent to server after 302 redirect with set-cookie header,389
659,2018-08-05,2017-03-29,Cannot paste clipboard image data to Imgur.com,981
660,2017-12-12,2017-03-21,[WebPush] Firefox keeps returning an expired endpoint,679
661,2019-10-29,2019-08-18,Web push signal is sometimes lost on Android,775
662,2019-07-24,2018-04-17,localstorage setitem errors,951
663,2019-07-24,2019-02-09,Scrolling gets stuck on some pages and divs,982
664,2018-12-15,2017-04-11,Repeatable WebSocket Secure wss timeout,498
665,2018-07-10,2017-09-06,[WebRTC] VP9 video freezes when RTP flexible mode is used,384
666,2019-06-03,2017-05-22,TCP connection reset by F5,461
667,2019-07-17,2017-01-08,Boston globe ePaper freezes on surface pro 2017,645
668,2019-09-11,2017-08-18,User can navigate to URLs that are replaced by history api replaceState,653
669,2018-11-03,2017-10-14,At exit time firefox tries to connect to incoming.telemetry.mozilla.org without respecting proxy settings,893
670,2019-07-03,2018-08-13,ICE fails over NAT,832
671,2018-09-19,2017-10-01,Widgets from addons open/render slowly with gfx.webrender.all enabled,481
672,2019-09-24,2019-05-23,Rewind freezes video playback on YouTube since FF63,800
673,2018-05-29,2017-07-16,On MacOS Mojave can't minimize window if another window is maximized on a second screen,739
674,2018-03-06,2017-08-08,Overflow:auto from overflow:hidden in firefox is triggering a scroll event,398
675,2019-04-13,2017-03-28,"tinymce not working properly in 64 version, in 63 works fine",254
676,2019-02-16,2019-01-05,Remove maxRetransmitTime from RTCDataChannelInit,591
677,2019-01-03,2017-11-04,Firefox stripping CORS headers from cached requests,906
678,2018-05-02,2017-10-20,Audio stuttering on Twitch since 64.0.2,796
679,2018-01-16,2017-11-17,Context menu pop-up position is incorrect,479
680,2017-09-11,2017-08-11,RSA Encrypt is VERY SLOW in firefox,762
681,2017-11-03,2017-05-22,System is going to sleep/suspend during playing video on Youtube,949
682,2017-08-12,2017-01-25,open h264 and Widevine will not install if Win 10 user name unequal user folder name,251
683,2019-08-16,2018-02-05,Just detecting WebVR causes constant ~13% CPU usage even when doing nothing else...,888
684,2019-05-29,2017-02-17,Losing Global Variable value in version 64.0,773
685,2019-12-09,2018-08-24,WebRTC Indicator always shown on main screen in multi-monitor Windows setups,225
686,2019-04-01,2017-06-07,Middle-click scroll not working over elements with shadowDOM when scroll overflow is used,982
687,2019-05-19,2017-01-13,"Mac: Hundreds of Objective-C memory leaks per content process, mostly NSFont, __NSCFDictionary",309
688,2019-08-30,2018-01-20,Screen sharing only working for top-left quarter of screen (OSX dual-monitor),379
689,2018-07-10,2017-02-22,Content Blocking operating on sites with self-signed SSL certificates despite being disabled,266
690,2019-12-19,2018-07-23,AV1 playback uses significantly more CPU when RDD is enabled,401
691,2019-09-17,2019-07-08,Firefox 67.0.0.7020 Deadlock when using msaa interface,460
692,2019-12-31,2017-07-24,Firefox crash [@ CLocalEndpointEnumerator::OnMediaNotification ] after update,346
693,2018-01-22,2017-10-29,"With DNS-over-HTTPS/TLS moving towards release and plans of being enabled by default, we should enable support for reading a user's hosts file",197
694,2018-12-17,2018-09-25,MediaStreamTrack of first video track recorded by MediaRecorder using RTCRtpSender.replaceTrack() is missing seconds and up to last second of audio of last video is muted,880
695,2019-04-20,2018-02-18,fetch/response/body stream buffers data when Content-Type is not set,505
696,2019-07-28,2017-12-05,Proxmox NoVNC keyboard capturing failures,220
697,2019-03-20,2018-01-12,null pointer crash @ mozilla::dom::WorkerPrivate::Notify(mozilla::dom::WorkerStatus),528
698,2019-09-19,2018-09-29,breaking booklets after '#' in javascript,524
699,2018-12-08,2018-03-28,Executing getDisplayMedia() occasionally freezes operating system except for cursor movement,121
700,2019-04-09,2019-03-07,Tooltip does not get disappear while doing horizontal scrolling as browser does not fire mouseLeave event,820
701,2018-10-09,2017-10-07,CascadingDropDown causing infinite refresh,919
702,2018-09-29,2017-06-11,"[Wayland] Developer Edition crashes on startup, nightly working fine",574
703,2019-03-05,2018-06-23,No audio output from Firefox when system sound is routed through third-party driver (Universal Audio Virtual Channels).,52
704,2019-05-03,2017-11-19,[wayland] Render with WR before first frame callback causes crash,187
705,2017-07-10,2017-03-19,Webrendered window overflows monitor,539
706,2018-12-14,2017-06-24,Crash in [@ IPCError-browser | ShutDownKill],285
707,2018-12-03,2017-02-19,Google Hangouts Connected To Google Voice Delay When Answering Call,469
708,2017-07-16,2017-03-12,Convert the JS tests suites to Python 3. (/js/src/tests/jstests.py ),923
709,2019-11-10,2018-10-20,Intermittent fail on https://web-platform.test:8443/service-workers/service-worker/ready.https.html,413
710,2019-05-11,2018-06-10,postMessage to a redundant service worker should drop silently.,683
711,2019-03-22,2019-01-01,UI interaction behaves unexpectedly when system is under load.,71
712,2017-05-16,2017-03-07,texture-size-limit.html crashes firefox and kwin,358
713,2019-05-14,2018-09-25,Link rel=prefetch may fire onload without sending network request.,765
714,2018-03-21,2018-01-08,Browser hang's on excessive download attempts,811
715,2019-07-15,2019-04-09,FF68.0b12 sometimes does not load local video data (showing whitescreen) to the video element srcObject when calling getUserMedia,570
716,2017-03-18,2017-03-13,Firefox shows warning about local storage usage when using WebTorrent,893
717,2018-11-12,2018-07-31,"when trying to log in to a web site, CPU nearly maxes out during password entry",314
718,2018-10-10,2017-11-20,"[wayland] ""GLXtest process failed"" when XWayland is disabled",870
719,2019-09-04,2017-03-10,Cannot drag specific address to desktop,676
720,2019-09-20,2019-07-16,Windows Mixed Controller not listed on navigator.getGamepad in WebVR,239
721,2019-09-10,2018-10-21,Firefox bounces in Dock once and won't open,330
722,2018-02-07,2017-07-09,Firefox/NVDA: Massive Sluggishness when Attempting to Place an Order from the TalkTalk.co.uk Website,650
723,2018-01-30,2018-01-11,[10.15] Firefox wont display full screen youtube video on external display on macos 10.15 beta 6,454
724,2018-11-25,2018-11-11,memory leak while Web worker continuously post data through ajax,495
725,2017-10-15,2017-07-23,Selecting font crashes (segfault) firefox on wayland,431
726,2019-02-01,2018-04-17,Nighty and Developer the scroll is jerky on Intel 4600,877
727,2018-06-30,2018-04-22,24 Hz Video output has judder/jerkiness as compared to Safari.,143
728,2019-08-04,2018-06-24,Camera being accessed even though website doesn't have permission to do so,585
729,2019-05-15,2018-09-29,[meta] Firefox for Librem 5 support tracker,991
730,2018-12-25,2018-03-22,temporary heap-unclassified leak on web.telegram.org,6
731,2019-09-06,2017-07-10,Tab crash when IndexedDB is disabled,625
732,2017-11-29,2017-03-03,"intl.accept_languages set to ""en-US, en"" when first start in chinese OS",632
733,2019-10-06,2017-07-22,samsung sync-thru,877
734,2019-01-25,2018-06-11,Can't build with macOS 10.15 SDK - Undefined symbols for NSSurface (DontCutOffCorners),169
735,2018-09-24,2018-06-27,Personal Certificate not Deleting,966
736,2018-10-20,2018-07-30,Copy-pasting a picture or text to Facebook Messenger throws out an error,424
737,2019-03-27,2017-04-14,302 response is cached even with no-cache header,84
738,2019-01-08,2018-02-28,Notification on GNOME only opens the correct tab if no Firefox windows is currently focused,345
739,2017-10-18,2017-04-16,The title bar is present even when disabled in Customise (Linux),491
740,2017-06-28,2017-04-25,"Error when issuing ""browser:purge-session-history"" when browser.privatebrowsing.autostart = true",28
741,2019-12-02,2017-10-24,Service Worker doesn't terminate after a period of time when thread blocking,288
742,2019-10-12,2019-09-03,proxys not working after firefox 70,409
743,2019-03-07,2019-02-09,"DNS over HTTPS should fall back for archive.is, archive.fo, archive.today, etc.",453
744,2019-09-23,2017-02-08,"Maximizing Firefox window only allows half of window (Linux Mint 19.2, Firefox Nightly 72.0a1)",758
745,2019-01-02,2018-03-24,crash @ gtk_im_context_wayland_set_surrounding - failed to allocate 18446744073709548432 bytes,708
746,2018-08-08,2017-01-09,"Notification shows in Windows 10 even if ""show only alarms"" is set",319
747,2017-09-15,2017-01-31,No text on first page when printing from eOS/ubuntu instead of windows,34
748,2019-02-01,2017-05-23,Worker busy counts probably erroneously reaching zero and causing worker garbage collection (GC) - WASM in WebWorker terminates (crashes?) without notice,438
749,2019-04-06,2018-02-13,Temporary intermittent browser hang in js::GCParallelTask::join() on Windows 10,368
750,2019-06-04,2018-02-14,Right click opens menu on the first monitor (Desktop 1) instead of second monitor in mac OS Catalina,221
751,2018-06-30,2017-05-08,GLXVsyncThread occupied high CPU,209
752,2019-07-06,2018-11-12,PAC: dnsResolve() lags and unexpected behavior,879
753,2019-07-28,2019-06-28,Track-pad click fails to initiate selectstart,191
754,2018-09-03,2017-02-19,Sometimes font rendering breaks,832
755,2019-06-19,2019-02-06,Memory leak on certain website,187
756,2018-11-12,2017-10-29,Do not expose ServiceWorkerContainer to WebExtension principals. (Registering service worker from background javascript in Firefox Add-On fails),369
757,2018-08-29,2018-01-28,Firefox does not play sound on .ogv video although automatic playback for audio and video is set in security preferences,218
758,2019-04-02,2018-03-20,"Firefox, when pressing Space or Enter and creating a new button and focusing it, issues a click event on it",245
759,2019-05-03,2018-04-22,Backspace last letter in list item causes bogus <br> inserted,422
760,2019-12-29,2017-10-19,One window stuck in macos dark mode when system automatically switched to non-dark mode,458
761,2019-07-25,2017-08-22,Suggestion: Increase 206 request network priority and importance (Audio playing),750
762,2019-07-18,2017-01-07,pthread_mutex_lock failed: Invalid argument,540
763,2018-06-11,2017-03-20,Service Workers can navigate out-of-scope clients,480
764,2018-01-22,2017-12-13,"After set the Allow autoplay audio, Webrtc Still blocking audio in version 69",975
765,2018-09-10,2017-01-08,Firefox crash with Wayland: runtime check failed: (impl->staging_cairo_surface != cairo_surface),112
766,2019-03-09,2018-12-24,GP+[GFX1-]: shader-cache: Timed out before finishing loads | Weird text color at random,73
767,2019-01-17,2018-09-08,Firefox starts up slow when the local hostname cant be resolved,527
768,2019-11-02,2019-06-08,Crash when viewing source and selecting when html contains null bytes,227
769,2018-08-27,2017-09-08,Back button loses history push state changes when previously on page,194
770,2019-04-23,2018-03-19,Remove fixed slot for WasmTlsReg in webassembly frames,141
771,2017-12-03,2017-08-26,max-fs does not work when reusing RTCpeerconnection,906
772,2019-01-05,2017-02-12,Unable to change my Firefox add-on settings on Wayland,525
773,2019-05-04,2018-03-07,the different font size for monospace characters (the read window and beyond the edit window),205
774,2019-08-18,2018-02-02,Mixed chinese and western characters give bad line spacing,663
775,2017-12-01,2017-11-22,"""onresize"" inline HTML event doesn't function on FRAME",494
776,2018-09-20,2018-06-30,Disk cache size set in preferences is ignored,229
777,2018-06-21,2017-09-12,Keypress not recognised as user event for popup blocker,470
778,2018-09-01,2017-09-02,30% of time in raytracing testcase taken by canvas code,117
779,2018-04-22,2017-07-12,refresh reloads *everything* even items which have an expiry date in the future,254
780,2019-11-30,2019-10-14,"When opening a page with username/password in URL, get password prompt for every image on the page",444
781,2019-06-22,2019-01-18,Canvas disappears after hiding if size style not set.,846
782,2019-05-17,2018-01-27,cookies arn't remebering auto login,520
783,2017-11-12,2017-08-25,Textarea submitting incorrect string under wrap=hard,205
784,2019-08-20,2017-01-05,"Proxy authentication is required on Squid + NTLM on Linux/Mac, but not on Windows",375
785,2019-03-11,2017-06-06,Request an Option to Make the Default Response to the 'Unresponsive Script' Dialog 'Continue' Instead of 'Stop Script',691
786,2019-09-11,2018-03-11,Cookie path problem when using domain suffix to connect,626
787,2019-08-10,2019-06-29,Viewing Blank Page Resets Encoding to UTF-8 Despite Default Settings in Prefs,136
788,2019-01-18,2018-10-03,Cookie expiration not obeyed for sites accessed by IPv6 address,239
789,2019-05-09,2017-08-25,provide more insight if smart-card login fails,585
790,2019-08-07,2018-07-08,in-progress uncacheable object is cached anyway and blocks other threads,547
791,2018-03-14,2017-07-09,Unresponsive script isn't triggered for document.write loop,220
792,2019-05-12,2017-10-16,"Firefox can't resolve that page, even when networking.enableIDN is set to false",191
793,2019-11-11,2018-10-28,"<canvas> canvas animation is jerky on Firefox 3 beta 1, Linux x86_64",575
794,2019-10-25,2017-10-23,XMLHttprequest loses authentication credentials on calls to different urls,169
795,2018-11-28,2018-04-18,"Firefox with a ""201 created"" response should perform a redirect to the Location field",40
796,2018-04-08,2017-04-01,Inconsistent path matching for cookie path prefixes,532
797,2019-09-02,2019-01-20,Firefox sends Copy command (Cmd-C) to a plugin on Key Up,967
798,2018-12-26,2017-03-15,Flash plugin error: Flash website does not open if it has national domain,649
799,2019-08-26,2019-02-27,[Mac] Ctrl+y will not paste/yank text killed by ctrl+k (cocoa emacs keybinding),392
800,2019-11-17,2018-11-30,DNS suffixes not parsed when Firefox used on company LAN,600
801,2018-08-01,2018-01-26,Acid 2 broken with Pineocast SwirlX3D X3D/VRML plugin,275
802,2019-09-14,2018-04-26,proxy connection to NXDOMAIN using https gives Data Transfer Interrupted,351
803,2018-12-23,2018-08-06,Fails to get baseURI in plugin's ->newp,324
804,2019-01-17,2018-02-04,Certificate backups use RC2/40 encryption,711
805,2018-08-17,2017-08-13,"When reloading after a 303 redirect, Firefox makes another POST request",73
806,2017-10-30,2017-06-15,network.http.phishy-userpass-length feature claims password-protected site does not require password,2
807,2019-07-06,2017-06-07,"Deleting a server certificate exception should confirm the server name, not the certificate name",754
808,2018-09-13,2017-08-07,Incorrect cookie path for sites when using redirect (html) to come to it,901
809,2019-01-21,2018-10-17,redirect to location w/ utf-8 characters breaks URL/correct loading of the page,860
810,2018-12-03,2018-05-15,Prompt for SSL client certificates appears at erratic times,36
811,2019-08-25,2018-07-20,"port 443 without url scheme should default to https, not http",10
812,2018-07-28,2017-04-16,DNS resolution fails when using a socksified Firefox,168
813,2018-09-07,2017-11-09,Ctrl-Shift-Right arrow selection at the end of a line scrolls all the way to the left,431
814,2019-10-21,2017-03-31,DNS prefetch peppers DNS server with queries for the same FQDN,319
815,2018-06-07,2017-05-28,provide better error message when client cert authentication fails,226
816,2019-08-17,2017-05-16,firefox sends wrong http basic auth credentials,897
817,2019-02-04,2018-07-28,execCommand(bold | italic | underline | fontname | forecolor | hilitecolor) applies the specified formatting on the BR tags too when styleWithCss is true.,480
818,2019-11-04,2017-05-04,invalid execCommand ( forecolor | fontname | fontsize ) results: doesn't join adjacent similar FONT tags (styleWithCss is false),641
819,2019-11-20,2017-09-20,PDF Form POST from within Object tag sends two REFERER headers,939
820,2019-10-14,2018-09-12,Firefox hangs during first presentation of hardware client cert,235
821,2019-01-08,2018-02-23,Cookie policy not remembered under some condition,17
822,2019-12-07,2019-04-11,Should receive MouseLeave event when mouse moves from plug onto HTML,541
823,2019-01-25,2018-11-12,prefetched content with cache-control/gzip causes browser encoding error,54
824,2019-07-29,2019-04-09,Bad DNS resolving using NTLM auth,249
825,2019-11-29,2017-09-20,AD/NTLM Authentication not working,677
826,2019-06-14,2018-10-11,Using network.proxy.socks_remote_dns=true breaks browser.fixup.alternate,141
827,2017-11-20,2017-01-12,HTTP doesn't remember IPv6 scope for further redirections,147
828,2019-04-18,2017-09-02,Content-encoding error when temp drive is full,256
829,2019-02-19,2018-11-06,window.open wrong size every time if I set width = 380 height = 200,688
830,2019-08-04,2018-07-24,use the failed cert chain as sent by the server in the cert viewer details pane rather than getChain(),222
831,2019-03-01,2017-08-09,convert url encoded punycode / IDN links before DNS requests for URLs to open,119
832,2019-06-02,2018-03-18,IndexedDB needs an admin interface,994
833,2018-02-03,2017-07-08,selections in unfocused text fields are not visible,659
834,2017-10-28,2017-05-05,Authentication window pop up using XMLHttpRequest,360
835,2018-05-03,2017-09-05,duplicated request on special char appearance with charset detector set to universal,671
836,2019-08-21,2018-03-18,GWT X-GWT-Permutation HTTP header not always included in POST to server,993
837,2019-09-18,2018-10-07,In Dual screen setup window contents might get cut and size might change,879
838,2018-07-12,2017-05-03,Cookie handling in IFrames,450
839,2017-04-09,2017-02-13,event.keyCode returns wrong code on United Kingdom keyboard,79
840,2018-02-23,2017-05-02,IPv6 sites fails to load if IPv6 is not available.,468
841,2018-04-22,2018-01-21,No image/* mime data when dragging an image on Linux (X11),759
842,2019-04-19,2017-06-25,Backing doesn't handle Vary header correctly,434
843,2019-04-17,2017-07-28,Websocket: message not processed on close,324
844,2018-08-09,2018-04-28,linux input method over spot style not report the caret position correctly,159
845,2019-04-19,2017-11-17,Keyboard Lock,344
846,2019-06-02,2017-05-10,DNS cache needs to be cleared after captive portal is detected,820
847,2019-03-31,2017-06-05,Firefox may show blank for video and requires extra refresh with clearing cache,173
848,2019-04-24,2017-03-18,HTTP basic auth: wrong credentials sent when navigating between sibling URLs using different realms,872
849,2019-12-06,2018-07-16,"Ctrl+F5 ""Force Reload"" doesn't reload plugin",585
850,2018-01-25,2017-01-26,Firefox-8 build fails with error : firefox-8/mozilla-release/js/src/jshashtable.h:846: error: size of array 'arg' is negative,872
851,2018-01-24,2017-10-17,Firefox will not print in landscape orientation (regression?),801
852,2019-06-24,2018-07-03,Firefox can't find register protocol handler apps on mac os x,983
853,2018-04-15,2017-04-16,"Refreshing page which sends POST or GET data leaves ""Waiting for..."" and a throbber working sometimes (unclosed connection?).",952
854,2018-02-22,2017-09-15,jQuery and Headers with Content-Range Handling,406
855,2018-09-21,2018-02-26,Caching persistence of expiry time,243
856,2019-09-02,2019-08-15,Certificate selection modal dialog appears on wrong window,181
857,2018-11-16,2018-01-25,Yet another proxy authentication popup issue (NTLM),916
858,2019-09-02,2019-08-27,Firefox is breaking NTLM auth in Mcafee Web Gateway,777
859,2018-11-06,2018-08-25,Window state not restored on browser exit and restart,995
860,2018-08-13,2017-10-17,"Firefox NTLM bug with sending data by POST, content-length >=65535",114
861,2018-01-26,2017-09-05,Posting a file through XMLHttpRequest when using negotiate auth stops at the 401 without authenticating and re-posting,996
862,2019-04-04,2018-08-31,"Bank of America site -- after deleting cookies, can't sign in",954
863,2017-10-15,2017-10-08,HTML content copying twice.,833
864,2018-07-16,2017-08-22,Firefox runs slow when executes multiple ajax requests in https mode,652
865,2018-01-17,2017-05-23,"When network.http.max-connections has its default value, hitting many complex pages in quick succession puts Firefox in a state where it can't load further pages for a while",840
866,2019-12-06,2018-08-14,"Table cell borders missing: should reprocess borders collapsed by ""border-collapse: collapse"" if some rows are hidden with ""display:none""",848
867,2018-11-01,2018-10-07,"""browse .."" button localization. The ""Browse..."" text is not localized per browser locale when using <input type = ""file"">",758
868,2017-12-29,2017-03-14,"When downloading the proxy.pac file, firefox does not send the Cookie: HTTP header to the server",400
869,2019-11-22,2017-05-29,Firefox first page load adds proxy Redirect to Navigation Timing,159
870,2018-08-24,2017-01-24,Right ALT key mapped through .Xmodmap does not work in Firefox,861
871,2019-03-17,2017-02-23,Unable to reconnect after ssh tunnel crashed. SOCKS,596
872,2019-09-13,2018-05-25,socks_remote_dns=true leaks DNS (in some conditions),483
873,2019-10-08,2018-01-25,Firefox can't establish a connection to socket.io,957
874,2018-01-31,2017-10-24,"""302 Moved Temporarily"" loop with server (cookie management)",682
875,2018-02-09,2017-04-16,Image loading errors,156
876,2019-10-05,2018-06-09,"transform-origin-x, transform-origin-y",622
877,2018-01-22,2017-04-29,FF automatically redirects from pages where used to (but no longer is) a redirect - cached redirect,579
878,2019-11-28,2019-01-21,CSS3 repeating-linear-gradient difference in visual appearance colors,828
879,2019-03-17,2018-01-10,DNS cache is not cleared while switching to SOCKS proxy,615
880,2018-09-02,2017-01-11,border-radius sub-pixel rendering issue,285
881,2018-12-24,2017-05-18,Cookie that set to expire in 1 year is deleted after 1 day,218
882,2018-11-24,2018-07-17,onkeydown not matched by onkeyup when AltGr is pressed on Windows,780
883,2017-09-02,2017-02-12,plugin-container file handle leaks on some sites using Flash,28
884,2019-09-09,2019-02-23,"The dialog ""...new location..."" is too annoying and is misleading about the page it comes from",54
885,2017-09-17,2017-05-28,Icons should be full sized or clear around the small icon,559
886,2017-09-20,2017-03-08,<audio> plays short sound scratchy in new versions,349
887,2019-12-13,2018-12-20,Percent in URI not encoded,591
888,2019-07-27,2018-06-17,Provide preference to set deltaMode value of DOM WheelEvent,117
889,2019-09-13,2018-02-07,"possible memory leak in transparent plugins and just background-color, using ipc",51
890,2019-12-11,2017-01-14,Browser considerable slowdown after reaching cache limit.,379
891,2019-02-06,2018-03-24,"SOCKS requests not retried with available ipv4 addresses if SOCKS gateway returns ""address family not supported""",239
892,2018-05-12,2017-08-15,nsIdleService reports active topic even when there is no activity,373
893,2018-09-15,2017-08-08,HTTPS proxy setting change doesn't take effect until restart,370
894,2018-10-20,2017-09-08,Auto refresh from payment gateway not working,102
895,2018-07-06,2017-06-22,Disk Cache set for over 4096 MB and that goes over 4096 MB is misreported,513
896,2019-11-04,2018-07-21,RFC 2616 8.2.2 being ignored during 413 Request Entity Too Large,877
897,2019-11-10,2018-06-29,Proxy Auto Config issue calling ip (myipaddress) of VPN Network Adapter,222
898,2019-06-13,2018-08-23,"Always have to switch proxy settings from ""Manual Proxy config"" to ""Auto detect proxy"" to browse corporate urls and vice versa to browse internet.",191
899,2019-04-02,2017-03-03,Ghost images when dragging should always be at full opacity,174
900,2019-12-19,2019-09-02,22.0a1 (2013-03-12) Page loads fail for existing open tabs after restart. (proxy?),955
901,2019-05-06,2018-03-26,Infinite loop/flood of NTLMSSP_NEGOTIATE requests and 401s after NTLM auth dialog cancel,822
902,2018-10-04,2018-09-03,/16 mask in no proxy setting not working,256
903,2018-02-04,2017-02-01,Double authentification with different users failed (401),582
904,2019-10-26,2017-02-01,Request password of proxy when entering Private Mode,472
905,2019-02-20,2017-06-29,Have event target chain accessible from the event object?,224
906,2018-07-29,2018-07-17,Native controls can become unusable when using a dark theme.,221
907,2019-12-08,2018-12-15,"Mac OS X, vpn proxy setting does not affect firefox use system settings",5
908,2018-08-27,2017-10-31,WebSocket client does not close TCP connection after incorrect handshake response from server,887
909,2019-05-25,2017-05-19,Firefox cannot connect after reverting to no proxy,858
910,2018-07-04,2017-07-02,Whe a secondary page is loaded in an iframe with additional flash objects then all flash objects stop working.,938
911,2019-06-17,2019-06-14,Blocked SmartCard Pop-up,817
912,2018-09-13,2018-03-10,Circumventing caching of platform instantiations of webfonts doesn't work for fonts used in frames,15
913,2017-12-10,2017-01-23,Kerberos SPNEGO doesn't work on Windows with 2 levels of CNAME,999
914,2017-07-26,2017-03-22,Document Expired page allows view source,898
915,2019-03-25,2018-04-29,Proxy authentication credentials forgotten in timeout,16
916,2019-07-19,2019-04-23,Fallback from automatic NTLM auth fails,326
917,2018-10-20,2017-10-04,DNS leak with local proxy on FTP requests,220
918,2019-01-02,2017-12-14,Keep cookies until i close firefox doesn't work,915
919,2019-03-24,2018-11-28,Firefox is not able to connect to a SOCKS-Proxy with IPv6 in square brackets,399
920,2019-11-01,2017-11-23,IPv6 retry socket connection on protocol error,375
921,2019-05-18,2018-10-28,Strange comportement with Kerberos,258
922,2019-05-05,2017-08-21,Faulty Behaviour when sending POST Requests with Kerberos Authentication,657
923,2019-12-24,2017-07-25,Certificate manager unable to delete user certificate on smart card,955
924,2019-03-30,2017-12-12,Unplug ethernet then plug it back in makes me have to restart firefox to get connectivity,389
925,2019-11-24,2018-10-31,Firebug reports blocking before the document is downloaded,941
926,2019-05-20,2019-02-05,"""Metadata"" state for preload attribute of <video> element being ignored when buffering",607
927,2018-04-16,2017-03-21,onDataAvailable for UDP in Components.interfaces.nsISocketTransportService concatenates Datagrams,622
928,2017-05-23,2017-04-16,CSS property text-decoration set on parent breaks hover effect on descendant,227
929,2019-02-08,2018-06-04,SPNEGO / MS KRB5 no longer working on OS X [still works on Windows],540
930,2018-04-17,2017-04-23,The function writeBytes (nsIBinaryOutputStream) does not write the bytes if is called very quickly.,705
931,2019-10-09,2019-05-16,User is not able to click on any link shown in the right click options.,262
932,2017-05-21,2017-05-17,Lower than expected IPv6 score on speedtest.comcast.net,451
933,2017-11-30,2017-02-25,WebGL llvmpipe segfault on www.shadertoy.com,390
934,2019-10-20,2019-02-17,Firefox onDrag Event is missing correct position values,361
935,2018-11-20,2017-01-31,requests abort on 304 when using SSL,566
936,2019-10-09,2019-04-21,HTTP 302 Redirects not working with SPDY and push enabled if Basic Auth was triggered,54
937,2019-05-20,2017-10-22,Pac file function myIpAddress() returns :: if IPv6 is enabled in Windows XP,567
938,2018-05-18,2018-01-26,Should remote -> localhost CORS access be allowed?,487
939,2017-04-25,2017-01-02,Image Cache Problems,666
940,2018-03-24,2018-01-25,MacOS X: Can not connect to IPv4-only sites from IPv6-only node via SOCKS proxy,813
941,2018-08-28,2017-03-04,Screen is frozen although engine is still loading pages.,266
942,2019-03-12,2017-05-03,gl.texImage2D and gl.texSubImage2D not taking fast upload path when dstStride != srcStride.,316
943,2019-10-29,2017-07-26,StartSSL certificate has weird name le-8bbf0da1-ccce-44d9-.......,971
944,2019-09-06,2019-05-08,Upload faild with FireFox ESR 24.5,800
945,2019-12-22,2018-12-27,"Firefox stops HTTP Digest Authentication, after authentication realm has changed and another login is attempted, using URL to provide credentials (http://user:pass@host)",173
946,2018-06-03,2017-11-07,Trailing dot in SNI HostName must be stripped according to RFC 3546,487
947,2018-05-24,2017-01-16,Firefox crash when inserting huge strings into a text field [@ js::jit::CompactBufferReader::readByte],551
948,2019-02-01,2017-05-03,[@font-face] Font files *sometimes* improperly loaded,324
949,2019-04-27,2017-11-12,<audio>can't play a mp3,607
950,2019-11-18,2019-04-14,"Select element with title attribute, drop down list always shows that title value",313
951,2019-07-20,2018-05-15,Setting a cookie in body of document isn't available for reading in loaded js,391
952,2019-02-06,2018-02-26,"Using socks proxy though SSH tunnel causes tunnel to disconnect with ""Received data for nonexistent channel""",815
953,2017-05-11,2017-05-04,Firefox not properly responding to the closure of the server connection per RFC (408 response),676
954,2017-05-12,2017-05-02,No prompt username and password dialog box proxy startup,525
955,2018-05-04,2017-07-18,Can't watch youtube video without a connected sound output device,678
956,2018-06-12,2017-11-20,Deadlock in cachestorageservice.cpp:1552,974
957,2018-09-10,2017-05-20,Cannot enable D3D11 in Firefox 31.0 on Windows 7,713
958,2019-11-16,2017-03-04,"HTML video element consumes memory too aggressively, and may cause OOM or freeze system",844
959,2017-09-11,2017-07-25,Firefox randomly using IPv6 via 6to4 relay on IPv4 connected client & servers,770
960,2017-08-10,2017-03-27,Can't set network.negotiate-auth.trusted-uris,896
961,2017-12-28,2017-10-14,URI encoding not correct for a string with a quoted % symbol,801
962,2019-10-09,2017-09-17,Seeking does not work in videos recorded with MediaStreamRecorder,370
963,2018-11-17,2017-11-09,WebSocket onclose not called when using wss://,75
964,2018-08-05,2017-03-17,"promethease.com drops the connection if ""AB'CDEFG5"" is used as the filename",181
965,2018-07-19,2017-12-12,missing websockets sent text messages on win8,386
966,2019-08-06,2017-06-05,Unable to drop a file on an embedded SWF,329
967,2019-05-08,2017-12-02,Use VideoProcessBlt for Color Conversion for video playback,724
968,2018-12-06,2018-04-23,Https font caching stops website rendering,770
969,2017-07-31,2017-03-09,Website not displayed correctly when using proxy,682
970,2018-09-06,2018-04-05,Firefox caches HTML5 video source URL temporal redirects,691
971,2019-04-13,2018-10-30,Firefox is missing characters in fast-typing applications,353
972,2017-08-22,2017-07-17,websocket sends large text data,269
973,2019-12-03,2019-01-09,CORS GET request with no special headers fails to follow redirect,398
974,2019-01-25,2018-10-12,80 ms delay fetching images after html body with local website,871
975,2018-12-20,2018-01-10,Files being downloaded twice when proxy enabled,294
976,2018-06-27,2017-08-16,Sock5 proxy connection fail,675
977,2019-09-24,2017-03-11,"[Ubuntu Firefox] Crash Bug in 34.0 ""MessageChannel.cpp, line 1618"" (a long domain name in /etc/hosts?)",159
978,2019-11-29,2018-05-13,WebGL lags,32
979,2019-08-23,2018-10-30,The procedure entry point PK11_PubDecryptRaw could not be located in the dynamic link library nss3.dll,46
980,2019-01-24,2018-03-24,proxy authentication: Firefox should give up trying to re-auth if another auth mechanism already chosen,403
981,2017-07-18,2017-01-23,Switching networking Location on OS X causes crash,213
982,2017-11-10,2017-03-30,Submit button does not work in CC verification form,59
983,2019-08-15,2017-09-19,give names to AudioOutputStreams of pulseaudio,601
984,2017-05-29,2017-01-06,PAC: proxy pac reload when expiring from cache,741
985,2019-11-28,2018-03-03,Firefox ESR is slow when using a proxy.pac file in an entreprise environment with proxy infrastructure,792
986,2019-07-01,2018-07-12,Firefox permanently using 70% to 100% of CPU on some graphical websites,988
987,2018-08-24,2017-05-18,File handle remains open/locked by Firefox after local file accidentally dropped on browser window,820
988,2017-05-16,2017-04-09,OCSP requests are sent through proxy server without (required) authentication,457
989,2018-02-08,2018-01-16,Performance in not active tab is extremely slow in comparison with active tab,523
990,2017-08-30,2017-04-25,Black and white areas appear covering content and UI,642
991,2019-04-22,2018-03-18,canvas empty in firefox 36.0.1,264
992,2018-10-04,2018-03-17,screen flashes random colored lines/shapes on Windows 10 Technical Preview build 9926,392
993,2019-10-08,2018-02-11,Firefox 37 will not fail to Basic authentication for proxy on Mac OS X,229
994,2018-09-26,2018-01-05,[SVG] feColorMatrix inverse colors incorrectly,361
995,2019-12-19,2017-04-23,Car Visualizer demo on Firefox for Android crashes due to memory pressure event,963
996,2018-05-19,2017-10-04,Email body is not loading in webmail due to overly deep tag nesting,491
997,2017-05-23,2017-02-09,Tell the proxy host in connection error message,630
998,2018-11-04,2017-03-10,input type number spin buttons on Windows Server 2012 R2 render issue,903
999,2019-02-04,2017-12-02,Incorrect redraw when maximized and switching monitors with keyboard,566
1000,2017-03-28,2017-02-03,"Dynamically-loaded image sometimes receives 206, never completes",355