customerID,name,company,Salesman_ID
1,Beverly McCarthy,Innojam,916
2,Marti Gierke,Tagpad,894
3,Chiquia Chsteney,Yodel,633
4,Berkly Cauley,Jabbersphere,940
5,Evangelia Canland,Riffpedia,636
6,Tobye Burd,Fivechat,720
7,Goldina Blanque,Aimbu,936
8,Linnie Kalewe,Rhycero,915
9,Rod Hatrey,Dynabox,900
10,Burnard Rizzone,Skajo,552
11,Brig Bamber,Youtags,909
12,Emlyn Altamirano,Innojam,566
13,Mose Murrill,Kamba,767
14,Conny Kingsnorth,Dabvine,674
15,Alys Jendrassik,Oloo,840
16,Karia Lisamore,Twitterbeat,673
17,Mina Wynn,Fiveclub,830
18,Penelopa Alabaster,Tagtune,594
19,Byron Pipe,Twimm,739
20,Anestassia Scheffler,Skajo,672
21,Brandais Eyers,Tagpad,887
22,Julieta Tod,Flashpoint,981
23,Justus Rossiter,Zoovu,530
24,Jaquelin Matthai,Divanoodle,630
25,Tedi Goudge,Tagfeed,852
26,Blithe Salzberg,Oyope,733
27,Augustin Gentle,Blogpad,729
28,Ali Lawday,Babbleblab,664
29,Andie Putson,Camido,560
30,Felicity Whittall,Pixope,631
31,Dayna Bewshea,Fatz,895
32,Leighton Povlsen,Quatz,904
33,Addie Fabri,Realbuzz,998
34,Francyne Portchmouth,Voolia,750
35,Sada Hamlin,Oodoo,819
36,Cynthy Gibling,Skidoo,849
37,Othelia Tommasetti,Twitterbeat,827
38,Ker Poupard,Zoomlounge,803
39,Paxton McKellen,Eazzy,546
40,Pierson Greeve,Quamba,604
41,Sigismondo William,Einti,918
42,Tobi Feldmus,Rooxo,780
43,Pip Thornewell,Wikibox,934
44,Elonore Gonnely,Zoombox,677
45,Odo Ianetti,Skipstorm,734
46,Kriste Tinniswood,Buzzbean,844
47,Doroteya Lockhead,Twitterbridge,655
48,Hetti Pigeram,Eare,756
49,Aurea Critten,Shufflebeat,654
50,Lindon Cornelisse,Tagpad,802
51,Judon Kingerby,Tagopia,999
52,Gordon Armfirld,Zoombox,853
53,Belvia Ireson,Agimba,964
54,Clerissa Lusher,Riffpedia,807
55,Anselma MacGiffin,Gabtune,637
56,Harvey Gabriely,Meezzy,914
57,Sunshine Christon,Twitterlist,616
58,Olympia Gilding,Oozz,510
59,Nickolai Edwicke,Aimbu,942
60,Ashia Delgardo,Vipe,639
61,Scarlett Danilewicz,Oba,586
62,Estel Hagstone,Oodoo,984
63,Sidonia Roskell,Demimbu,950
64,Shaughn Aynscombe,Pixoboo,870
65,Stefanie Larcher,Jaxnation,690
66,Granthem Matteau,Fivespan,505
67,Carol-jean Canario,Cogibox,644
68,Jolene Bruneton,Quire,613
69,Sully Trenchard,Feedspan,550
70,Jedidiah Rumbold,Wikido,508
71,Lyndel Danne,Eayo,902
72,Marietta Alcorn,Gigazoom,602
73,Freemon Andreaccio,Photobug,722
74,Evered Constable,Kwimbee,541
75,Lew Mapplethorpe,Fiveclub,944
76,Patricia Streater,Twitterworks,786
77,Jammie De Ferrari,Bubbletube,813
78,Alla Borthram,Ainyx,952
79,Kaia Duplock,Katz,538
80,Mersey Janak,Mydeo,699
81,Horatio Tomasello,Plambee,661
82,Ryley Pinks,Browseblab,771
83,Selia Yarmouth,Skibox,743
84,Billi Laing,Topicstorm,511
85,Roma Merrisson,Meevee,863
86,Almeda Brompton,Photobug,829
87,Nick Geekin,Yodel,554
88,Ferris McKendry,Skiba,822
89,Randell Biddle,Wordify,994
90,Matt MacGilpatrick,Riffpath,710
91,Arabella Bigadike,Skaboo,507
92,Nada Parysowna,Zoonder,547
93,Kitty Largan,Rhynoodle,966
94,Aida Brideau,Blognation,622
95,Reiko Skayman,Oba,592
96,Jess Scotts,Kare,518
97,Ambros Aggott,Blogpad,869
98,Darlene Rawstorn,Eamia,935
99,Bobine Lawlie,Twiyo,536
100,Kalila Inold,Brainverse,509